CIUDAD,NOMBRE,AUTORIDAD
ACHACACHI,DR. JULIO CESAR RADA VERA,JUEZ PUBLICO MIXTO CIVIL COMERCIAL Y FAMILIA 
AIQUILE,DRA. MA. ANTONIETA TEJADA MEDINA,JUEZ DE INSTRUCCION MIXTO LIQUIDADOR Y CAUTELAR DE AIQUILE
COCHABAMBA,DRA. MARIA YOVANA RAMIREZ RAMIREZ,JUEZ 24 PUBLICO CIVIL COMERCIAL DE COCHABAMBA
LA PAZ,DR. VICENTE LUIS TORREZ QUISBERT,JUEZ 19 PUBLICO CIVIL COMERCIAL DE LA PAZ
AIQUILE,DR. JOSE JOAQUIN CLAROS GOMEZ,JUEZ 1 PUBLICO DE LA NINEZ ADOLESCENCIA Y SENTENCIA PENAL
ASCENSION DE GUARAYOS,DRA. VALERIA SALAS HURTADO,JUEZ PUBLICO CIVIL COMERCIAL DE FAMILIA E INSTRUCCION PENAL 1
ATOCHA,DR. HUGO MARCELO MONDAQUE CAZON,JUEZ PUBLICO MIXTO CIVIL Y COMERCIAL DE FAMILIA NINEZ Y ADOLESCENCIA E INSTRUCCION PENAL1
AZURDUY,DRA. LOYDA VILLARROEL VACAFLOR,JUEZ PUBLICO MIXTO CIVIL COMERCIAL FAMILIA NINEZ Y ADOLESCENCIA E INSTRUCCION PENAL 1
BERMEJO,DR. CLAY RAMIREZ FERNANDEZ,JUEZ DEL TRIBUNAL DE SENTENCIA PENAL 1 DE BERMEJO
BERMEJO,DRA. JIMENA MARIA ALEMAN CAMACHO,JUEZ 2 PUBLICO MIXTO CIVIL Y COMERCIAL PARTIDO DE TRABAJO Y S.S. DE BERMEJO
BERMEJO,DR. JESUS FRANCISCO COLQUECHAMBI FARIAS,JUEZ 1 PUBLICO MIXTO CIVIL COMERCIAL DE PARTIDO DE TRABAJO Y S.S.
BERMEJO,DRA. MARIA LUISA QUINSAMOLLE VARGAS,JUEZ PUBLICO CIVIL Y COMERCIAL DE EJECUCION PENAL 
BETANZOS,DR. ALEXEY VILACAHUA CLEMENTE,JUEZ PUBLICO CIVIL Y COMERCIAL TRABAJO Y S.S. Y SENTENCIA PENAL 1
BUENA VISTA,DR. SIMON ALARCON VASQUEZ,JUEZ MIXTO CIVIL Y COMERCIAL DE FAMILIA DE NINEZ Y ADOLESCENCIA E INST. PENAL 1
TARABUCO,DR. JOSE LUIS MATIENZO ZARATE,JUEZ MIXTO CIVIL Y COMERCIAL DE FAMILIA DE NINEZ Y ADOLESCENCIA E INST. PENAL 1
CAMARGO,DR. JUAN FREDDY GONZALES GONZALES,JUEZ PUBLICO CIVIL Y COMERCIAL E INSTRUCCION PENAL 1 DE CAMARGO
CAMARGO,DR. PEDRO GABRIEL FERNANDEZ ZULETA,JUEZ DE SENTENCIA PENAL 1 DE PARTIDO DE TRABAJO Y SEGURIDAD SOCIAL
CAMARGO,DRA. MARINA BALDERAS PADILLA,JUEZ PUBLICO MIXTO CIVIL Y COMERCIAL E INSTRUCCION PENAL 1
CAMARGO,DR. PASCUAL FELIPE OSINA VALDA,JUEZ PUBLICO MIXTO CIVIL Y COMERCIAL E INSTRUCCION PENAL 1
CAMIRI,DR. SERGIO R. TARQUI ROJAS,JUEZ 2DO. DE PARTIDO MIXTO Y SENTENCIA DE CAMIRI
CAMIRI,DR. MANUEL TARQUI MAMANI,JUEZ MIXTO DE PARTIDO Y SENTENCIA DE CAMIRI
CAMIRI,DR. ERNESTO VELARDE SENZANO,JUEZ 3 PUBLICO CIVIL Y COMERCIAL DE CAMIRI
CAMIRI,DR. GONZALO GONZALES GARCIA,JUEZ 1 PUBLICO CIVIL Y COMERCIAL  DE CAMIRI
CAMIRI,DR. EMILIO GUZMAN PERALTA,JUEZ DE PARTIDO DE TRABAJO Y SEGURIDAD SOCIAL E INSTRUCCION PENAL 1
CAMIRI,DR. BERNABE MAMANI COPA,JUEZ 2 PUBLICO CIVIL Y COMERCIAL DE CAMIRI
CAPINOTA,DR. ARIEL ANGHELO RASGUIDO MURUCHI,JUEZ PUBLICO CIVIL Y COMERCIAL E INSTRUCCION PENAL 1 
CARANAVI,DR. ANGEL AYALA TICONA,JUEZ PUBLICO MIXTO CIVIL COMERCIAL Y DE FAMILIA 1 DE CARANAVI
CARANAVI,DR. Z. JAVIER VARGAS ARANCIBIA,JUEZ DE INSTRUCCION MIXTO LIQUIDADOR Y CAUTELAR DE CARANAVI
CARANAVI,DR. MIGUEL ROBLES CALDERON,FISCAL DE MATERIA ASIGNADO A LA PROVINCIA DE CARANAVI
CARAPARI,DR. REMBERTO C. NAVA CHUMACERO,JUEZ PUBLICO MIXTO E INTRUCCION PENAL 1
CHALLAPATA,DR. ERNESTO LIMA RAFAEL,JUEZ PUBLICO MIXTO CIVIL Y COMERCIAL Y DE FAMILIA 2
CHALLAPATA,DRA. MAYRA JUDITH YAVI CONDORI,JUEZ PUBLICO MIXTO CIVIL Y COMERCIAL DE FAMILIA ADMINSITRATIVO COACTIVO FISCALY TRIBUTARIO 1 DE CHALLAPATA
EL ALTO,DR. G. CESAR QUINTANA FRIAS,JUEZ 4 PUBLICO CIVIL Y COMERCIAL  
EL ALTO,DR. RAMIRO ROCHA URIARTE,JUEZ 5 PUBLICO CIVIL Y COMERCIAL  DE EL ALTO
EL ALTO,DR. JAVIER ANGEL CAMPERO RODRIGUEZ,JUEZ 2 PUBLICO CIVIL Y COMERCIAL  DE EL ALTO
EL ALTO,DR. FREDDY M. RODRIGUEZ TITO,JUEZ 11 PUBLICO CIVIL Y COMERCIAL  DE EL ALTO
EL ALTO,DR. MAURICIO C. RIVADENEYRA ERGUETA,JUEZ 10 PUBLICO CIVIL Y COMERCIAL  
EL ALTO,LIC. CARLOS ROMUALDO CALLE RIVERA,SERVICIO DE IMPUESTOS NACIONALES DISTRITAL EL ALTO
EL ALTO,LIC. JHON VILLALBA CAMACHO,GOBIERNO AUTONOMO MUNICIPAL DE EL ALTO
EL ALTO,LIC. EMILIO LUIS BENAVIDES QUIROGA,GOBIERNO AUTONOMO MUNICIPAL DE EL ALTO
EL ALTO,DR. JUAN JOSE QUISPE ULO,FISCAL DE MATERIA DEL MINISTERIO PUBLICO
EL ALTO,DR. YECID A. ENRIQUEZ MERCADO,FISCAL DE MATERIA DE LA DIVISION ECONOMICO FINANCIERO DE LA FELCC
EL ALTO,DR. RAFAEL VILLACORTA ESPINOZA,JUEZ 8 PUBLICO CIVIL Y COMERCIAL  DE EL ALTO
EL ALTO,DR. MIGUEL ANGEL PENALOZA GUTIERREZ,JUEZ 6TO. DE PARTIDO CIVIL Y COMERCIAL DE EL ALTO
EL ALTO,DR. RUBEN VALDA GOMEZ,JUEZ 3 PUBLICO CIVIL Y COMERCIAL DE EL ALTO
EL ALTO,DR. A. RICARDO PINTO OLMOS,JUEZ 1RO. DE INSTRUCCION ANTICORRUPCION Y VIOLENCIA CONTRA LA MUJER DE EL ALTO
EL ALTO,DR. WILLY V. ROJAS CAZAS,FISCAL DE MATERIA
EL ALTO,DR. RAMIRO JARANDILLA MALDONADO,FISCAL DE MATERIA DE LA DIVISION DE HOMICIDIOS
EL ALTO,DR. JUAN ROJAS APAZA,FISCAL DE MATERIA DE LA DIVISION DE PROPIEDADES
EL ALTO,LIC. HERNAN PEREIRA FERNANDEZ,GOBIERNO AUTONOMO MUNICIPAL DE EL ALTO
EL ALTO,DR. PAUL JOSE MIRANDA PEREZ,FISCAL DE MATERIA ADSCRITO A LA DIVISION DE DELITOS CONTRA LA PROPIEDAD
EL ALTO,DR. RENE QUISPE HUANCA,FISCAL DE MATERIA ADSCRITO A LA DIVISION DELITOS CONTRA LAS PERSONAS DE LA FUERZA ESPECIAL DE LUCHA CONTRA EL CRIMEN
EL ALTO,DR. RUDY NELSON TERRAZAS TORRICO,FISCAL DE MATERIA ASIGNADO A LA DIVISION DE HOMICIDIOS ADSCRITO A LA F.E.L.C.C.
EL ALTO,DR. JULIO CESAR SANCHEZ S.,JUEZ 1 PUBLICO CIVIL Y COMERCIAL  DE LA EL ALTO
EL ALTO,DR. RAMIRO ARIEL JULIO BLANCO FUENTES,JUEZ PUBLICO MIXTO CIVIL Y COMERCIAL DE FAMILIA NINEZ Y ADOLESCENCIA DE INSTRUCCION PENAL 1
EL ALTO,DR. FERNANDO GUACHALLA FERRUFINO,FISCAL DE MATERIA DE LA DIVISION ECONOMICO FINANCIERO DE LA FELCC
EL ALTO,DR. PATRICIO PEREZ COLQUE,FISCAL DE MATERIA ADSCRITO AL ORGANISMO OPERATIVO DE TRANSITO Y DIPROVE
EL ALTO,DR. RAMIRO N. PRIETO VILLEGAS,FISCAL DE MATERIA ADSCRITO A LA UNIDAD OPERATIV DE TRANSITO DE LA EL ALTO
EL ALTO,DR. MIGUEL ANGEL FLORES ORIHUELA,FISCAL DE MATERIA ASIGNADO A LA DIVISION DE DELITOS CONTRA LA PROPIEDAD ADCRITO A LA FUERZA ESPECIAL DE LUCHA CONTRA EL CRIMEN
EL ALTO,DRA. PAULINA FERNANDEZ PATSI,FISCAL DE MATERIA ADSCRITA A LA DIVISION ECONOMICO FINANCIERO DE LA F.E.L.C.C.
EL ALTO,DR. ANTONIO ROCABADO REYNAL,FISCAL DE MATERIA 
EL ALTO,DR. HAROLD JARANDILLA MEY,FISCAL DE MATERIA ADSCRITO A LA DIVISION F.E.V.A.P.
EL ALTO,DR. LUIS JUAN TOLA MAMANI,FISCAL DE MATERIA DE LA DIVISION ECONOMICOS DE EL ALTO
EL ALTO,LIC. VICTOR NAVA ARCE,GOBIERNO AUTONOMO MUNICIPAL DE EL ALTO
EL ALTO,DR. SOCRATES HENRY LUNASCO CUSI,JUEZ 9 PUBLICO CIVIL Y COMERCIAL DE EL ALTO 
EL ALTO,LIC. ARMANDO SOSSA RIVERA,ADUANA NACIONAL DE BOLIVIA REGIONAL LA PAZ
EL ALTO,DR. HENRY D. SANCHEZ CAMACHO,JUEZ 1 DE PARTIDO Y SENTENCIA DE EL ALTO 
EL ALTO,LIC. NESTOR HUGO MUNOZ COSSIO,SERVICIO DE IMPUESTOS NACIONALES DISTRITAL EL ALTO
EL ALTO,DR. MAURICIO RIVADENEYRA ERGUETA,JUEZ 10 PUBLICO CIVIL Y COMERCIAL  DE EL ALTO
EL ALTO,DR. ROLANDO SEVERO SOLIZ PLATA,JUEZ 5 PUBLICO CIVIL Y COMERCIAL  DE EL ALTO
EL ALTO,LIC. JOSE BLACUD MORALES,ADUANA NACIONAL DE BOLIVIA REGIONAL LA PAZ
EL ALTO,DR. PEDRO ORLANDO VARGAS VARGAS,JUEZ 12 PUBLICO CIVIL Y COMERCIAL 
EL ALTO,DRA. KENNIA N. GUTIERREZ ANDALUZ,JUEZ 7 PUBLICO CIVIL Y COMERCIAL  DE EL ALTO
EL ALTO,DRA. VELIA A. CHOQUE TAPIA,JUEZ 2 DE PARTIDO DEL TRABAJO Y SEGURIDAD SOCIAL DE EL ALTO
EL ALTO,DRA. MERY LUZ MARTINEZ MARTINEZ,JUEZ 1 DE PARTIDO DE TRABAJO Y SEGURIDAD SOCIAL DE EL ALTO 
EL ALTO,DRA. HELEN LOURDES GUTIERREZ MIRANDA,JUEZ PUBLICO DE FAMILIA 4 DE EL ALTO
LA PAZ,DRA. MARITZA J. RIVEROS SEGURONDO,JUEZ PUBLICO DE FAMILIA 11 DE LA PAZ
EL ALTO,DRA. ROXANA VILLEGAS TABORGA,JUEZ 4TO. DE INSTRUCCION DE FAMILIA DE EL ALTO
EL ALTO,DRA. KETTY NANCY VELASQUEZ ROSALES,JUEZ PUBLICO DE FAMILIA 1 DE EL ALTO
EL ALTO,DRA. NARDA SORIA GALVARRO HINOJOSA,JUEZ 2DO. DE PARTIDO Y SENTENCIA DE LA EL ALTO
EL ALTO,DRA. MERY TARQUINO LIMACHI,JUEZ 2DO. DE INSTRUCCION DE FAMILIA DE EL ALTO
EL ALTO,DRA. IRENE ISABEL OBLITAS AGUIRRE,JUEZ PUBLICO DE FAMILIA 3 DE EL ALTO
EL ALTO,DRA. MARIA AMPARO LIRA LINO,JUEZ DE PARTIDO DE LA NINEZ Y ADOLESCENCIA DE EL ALTO
EL ALTO,DRA. ELISA E. LOVERA G.,JUEZ TECNICO DEL TRIBUNAL 5 DE SENTENCIA EN LO PENAL DE EL ALTO
LA PAZ,DR. JOSE LUIS QUIROGA FLORES,JUEZ TECNICO DEL TRIBUNAL DE SENTENCIA  ANTICORRUPCION Y CONTRA LA VIOLENCIA CONTRA LA MUJER 1
EL ALTO,DRA. SILVIA M. PORTUGAL ESPINOZA,JUEZ PUBLICO DE FAMILIA 5 DE LA EL ALTO
EL ALTO,DRA. GILKA JASMIRA ESPADA PAZ,JUEZ DE PARTIDO DEL TRABAJO Y SEGURIDAD SOCIAL 3 DE EL ALTO
EL ALTO,DRA. MARIA EUGENIA VASQUEZ DE CACERES,JUEZ PUBLICO DE FAMILIA 7 DE EL ALTO
EL ALTO,LIC. MARIA SANDRA VALDA DELGADO,SERVICIO DE IMPUESTOS NACIONALES DISTRITAL EL ALTO
EL ALTO,DRA. MILENKA GUTIERREZ ANTEZANA,JUEZ DE INSTRUCCION PENAL CAUTELAR 2 DE EL ALTO
EL ALTO,DRA. DUBRAVKA M. JORDAN VELASQUEZ,FISCAL DE MATERIA DE LA UNIDAD DE SOLUCION TEMPRANA
EL ALTO,DRA. DEYSI ELIZABETH ORELLANA PATZI,JUEZ 6 PUBLICO CIVIL Y COMERCIAL DE EL ALTO
EL ALTO,DRA. ROXANA LOPEZ ROJAS,JUEZ PUBLICO MIXTO CIVIL COMERCIAL FAMILIA NINEZ ADOLESCENCIA E INSTRUCCION PENAL DEL DISTRITO 4
EL ALTO,DRA. FABIOLA PAMELA SAENZ DAZA,JUEZ PUBLICO MIXTO CIVIL COMERCIAL FAMILIA NINEZ ADOLESCENCIA E INSTRUCCION PENAL DEL DISTRITO 2
EL ALTO,DRA. FANNY COAQUIRA RODRIGUEZ,JUEZ PUBLICO MIXTO CIVIL Y COMERCIAL DE FAMILIA NINEZ Y ADOLESCENCIA DE INSTRUCCION PENAL DEL DISTRITO 8
EL ALTO,DRA. MARIA EUGENIA VASQUEZ DE CACERES,JUEZ PUBLICO DE FAMILIA 7 DE EL ALTO
EL ALTO,LIC. PAULA JIMENA TROCHE GARCIA,ADUANA NACIONAL DE BOLIVIA REGIONAL LA PAZ
EL ALTO,DRA. MILENA GUTIERREZ ANDIA,JUEZ 2 DE INSTRUCCION EN LO PENAL CAUTELAR
EL ALTO,DRA.  PAULINA LUCIA FERNANDEZ PATSI,FISCAL DE MATERIA
TRINIDAD,DR. ERICK LEON ZULETA JUSTINIANO,FISCAL DE MATERIA
EL ALTO,LIC. PAULA JIMENA TROCHE GARCIA,ADUANA NACIONAL DE BOLIVIA REGIONAL LA PAZ
EL ALTO,DR. WILBER RUDY BLANCO VARGAS,JUEZ 12 PUBLICO CIVIL Y COMERCIAL 
EL ALTO,LIC. RAUL VICENTE MIRANDA CHAVEZ,SERVICIO DE IMPUESTOS NACIONALES DISTRITAL EL ALTO
EL ALTO,LIC. LUIS RODRIGO AVILA PENALOZA,ADUANA NACIONAL DE BOLIVIA REGIONAL LA PAZ
EL ALTO,DR. HECTOR QUILLA VARGAS,JUEZ DE INSTRUCCION PENAL 7 
EL ALTO,DR. ELLIOT R. VELASQUEZ BLACUTT,JUEZ 1 PUBLICO CIVIL Y COMERCIAL DE EL ALTO
EL ALTO,ERICK ASTHENIO MIRANDA RONCAL,ADUANA NACIONAL DE BOLIVIA REGIONAL LA PAZ
EL ALTO,ALIBETH PAMELA MENDOZA VERA,ADUANA NACIONAL DE BOLIVIA REGIONAL LA PAZ
EL ALTO,JORGE EDUARDO VILDOSO CARDENAS,ADUANA NACIONAL DE BOLIVIA REGIONAL LA PAZ
EL ALTO,JORGE TARQUINO TORREZ,SERVICIO DE IMPUESTOS NACIONALES DISTRITAL EL ALTO
EL ALTO,DRA. KAREN CAREAGA MIRANDA,JUEZ PUBLICO DE FAMILIA 2
CLIZA,DRA. MARIELA CAMACHO BARRANCOS,JUEZ 1 PUBLICO CIVIL Y COMERCIAL  DE CLIZA
COBIJA,DR. ISRAEL MENECES HERNANDEZ,JUEZ 3 PUBLICO CIVIL Y COMERCIAL  DE PANDO
COBIJA,DR. RUDIGER LUIS AREVALO MURILLO,JUEZ PUBLICO CIVIL Y COMERCIAL 4
COBIJA,ING. FRANCISCO LERA ARCE,GOBIERNO AUTONOMO MUNICIPAL DE COBIJA
COBIJA,DR. BORIS ALEXANDER AQUINO ESPINOZA,JUEZ PUBLICO DE FAMILIA 1
COBIJA,DR. CARLOS MANUEL GONZALEZ TORRICO,JUEZ DE PARTIDO ADMINISTRATIVO COACTIVO FISCALY TRIBUTARIO
COBIJA,DR. LUIS GONZALO VARGAS TERRAZAS,TRIBUNAL DEPARTAMENTAL DE JUSTICIA
COBIJA,DR. JORGE LUIS SOTELO BELTRAN,JUEZ DE SENTENCIA PENAL
COCHABAMBA,LIC. EBHERT VARGAS DAZA,SERVICIO DE IMPUESTOS NACIONALES DISTRITAL COCHABAMBA
COCHABAMBA,DR. VLADIMIR A. PEREZ POMA,JUEZ 2DO. DE INSTRUCCION PENAL CAUTELAR DE COCHABAMBA
COCHABAMBA,DR. JUAN PABLO CASTRO HERRERA,FISCAL DE MATERIA
COCHABAMBA,DR. ALEJANDRO SEIFERT DANSCHIN,JUEZ 2 DE PARTIDO DE TRABAJO Y SEGURIDAD SOCIAL DE COCHABAMBA
COCHABAMBA,DR. MARCO A. FAJARDO MONTANO,JUEZ 3 DE PARTIDO DE TRABAJO Y SEGURIDAD SOCIAL DE COCHABAMBA
COCHABAMBA,LIC. WILLY FLORES AJHUACHO,GOBIERNO MUNICIPAL AUTONOMO DE CERCADO COCHABAMBA
COCHABAMBA,DR. RENE MARCELO ROCHA MEJIA,JUEZ 16 PUBLICO CIVIL Y COMERCIAL  
COCHABAMBA,DR. JUAN CARLOS OROZCO ALFARO,JUEZ 7MO. DE INSTRUCCION CIVIL DE COCHABAMBA 
COCHABAMBA,DR. MILTON J. ROJAS CLAROS,GOBIERNO AUTONOMO MUNICIPAL DE COCHABAMBA
COCHABAMBA,LIC. MARIO V. MOREIRA ARIAS,SERVICIO DE IMPUESTOS NACIONALES DISTRITAL COCHABAMBA
COCHABAMBA,DR. JHONNY MALDONADO CAERO,JUEZ 23 PUBLICO CIVIL Y COMERCIAL DE COCHABAMBA
COCHABAMBA,DR. JOSE MARIO GANDARILLAS ANGULO,JUEZ 4 PUBLICO CIVIL Y COMERCIAL  DE COCHABAMBA
COCHABAMBA,DR. OSCAR FLORERO FLORERO,JUEZ PUBLICO CIVIL Y COMERCIAL 24 DE COCHABAMBA
COCHABAMBA,DR. GUILDER JHONNY URENA ESPINOZA,JUEZ 8 PUBLICO CIVIL Y COMERCIAL  DE COCHABAMBA
COCHABAMBA,DR. OSCAR B. ORTIZ V.,JUEZ 5TO. DE PARTIDO DE FAMILIA DE COCHABAMBA
COCHABAMBA,DR. WINDER VELASCO CANELAS,JUEZ 3 PUBLICO CIVIL Y COMERCIAL  DE COCHABAMBA
COCHABAMBA,DR. JHONNY ELVIS MAMANI VELIZ,JUEZ PUBLICO DE FAMILIA 13 DE COCHABAMBA
COCHABAMBA,DR. JOSE LUIS APODACA GONZALES,JUEZ DE PARTIDO ADMINISTRATIVO COACTIVO FISCALY TRIBUTARIO 1 DE COCHABAMBA
COCHABAMBA,DR. ORLANDO QUIROZ ROCHA,JUEZ 5 PUBLICO CIVIL Y COMERCIAL  DE COCHABAMBA
COCHABAMBA,DR. CLOVIS HUGO ESPINOZA PELAEZ,JUEZ 11 PUBLICO CIVIL Y COMERCIAL DE COCHABAMBA
COCHABAMBA,DR. PEDRO QUIROGA ACOSTA,JUEZ 2 PUBLICO CIVIL Y COMERCIAL DE COCHABAMBA
COCHABAMBA,DR. JOSE ALEJANDRO RIVAS CANO,GOBIERNO AUTONOMO MUNICIPAL DE COCHABAMBA
COCHABAMBA,DR. GUALBERTO TERRAZAS IBANEZ,TRIBUNAL DEPARTAMENTAL DE JUSTICIA
CHUQUISACA,DRA. JULIA JIMENA ANDRADE RENDON,TRIBUNAL DEPARTAMENTAL DE JUSTICIA
COCHABAMBA,DR. HENRY MILTON SANTOS ALANES,JUEZ DE PARTIDO DE TRABAJO Y SEGURIDAD SOCIAL 4 DE COCHABAMBA
COCHABAMBA,DR. RICHARD CRUZ CRESPO,JUEZ PUBLICO DE FAMILIA 7 DE COCHABAMBA
COCHABAMBA,DR. M. HELMUT BALDERRAMA TORREZ,JUEZ PUBLICO DE FAMILIA 6 DE COCHABAMBA
COCHABAMBA,DR. IVER FERNANDO ROMERO FONTANA,JUEZ 7 PUBLICO CIVIL Y COMERCIAL  DE COCHABAMBA
COCHABAMBA,DR. JUAN EDGAR BALDERRAMA BALDERRAMA,JUEZ 12 PUBLICO CIVIL Y COMERCIAL  DE COCHABAMBA
COCHABAMBA,DR. JULIO ENRIQUEZ QUIROGA,JUEZ PENAL DE SUSTANCIAS CONTROLADAS LIQUIDADOR Y DE SENTENCIA 5
COCHABAMBA,DR. VLADIMIR FELIX CLAROS TORRICO,JUEZ 20 PUBLICO CIVIL Y COMERCIAL  DE COCHABAMBA
COCHABAMBA,DRA. KAREN IRLANDA MUNGUIA BARRIENTOS,JUEZ 2 PUBLICO CIVIL Y COMERCIAL  DE COCHABAMBA
COCHABAMBA,DR. JOSE LUIS CACERES OROZCO ,JUEZ DE SENTENCIA PENAL 1 DE COCHABAMBA
COCHABAMBA,DR. CARLOS MIRANDA PINTO,JUEZ PUBLICO DE FAMILIA 11 DE COCHABAMBA
COCHABAMBA,DR. JUAN JOSE UGARTE HERBAS,JUEZ PUBLICO CIVIL Y DE FAMILIA EPI - SUR 1 DE COCHABAMBA
COCHABAMBA,DR. HENRY TOLA HORACIO,JUEZ 15 PUBLICO CIVIL Y COMERCIAL  DE COCHABAMBA
COCHABAMBA,DR. EDWIN W. IRIARTE TERRAZAS,FISCAL DE MATERIA
COCHABAMBA,DR. ALVARO JAVIER HUARI MALDONADO,JUEZ 2 PUBLICO CIVIL Y COMERCIAL 
COCHABAMBA,LIC. MARCELO CAMARGO PINTO,GOBIERNO AUTONOMO MUNICIPAL DE COCHABAMBA
COCHABAMBA,DR. RUBEN GONZALO GONZALES OVANDO,JUEZ PUBLICO DE FAMILIA 1
COCHABAMBA,DR. M. ANDRES CUEVAS GUTIERREZ,GOBIERNO AUTONOMO MUNICIPAL DE COCHABAMBA
COCHABAMBA,DR. HECTOR BLANCO VARGAS,JUEZ 6 PUBLICO CIVIL Y COMERCIAL DE COCHABAMBA
COCHABAMBA,DR. RAFAEL PADILLA A.,JUEZ PUBLICO DE FAMILIA 12
COCHABAMBA,DRA. GISELA AMANDA VALDA CLAVIJO,JUEZ 1 PUBLICO CIVIL Y COMERCIAL DE COCHABAMBA
COCHABAMBA,DRA. CLELIA ELIZABETH LA FUENTE TORRICO,JUEZ 13 PUBLICO CIVIL Y COMERCIAL  DE COCHABAMBA
COCHABAMBA,DRA. XIMENA JEAN KARLA VILLAZON RIOS,JUEZ PUBLICO CIVIL Y COMERCIAL 25 DE COCHABAMBA
COCHABAMBA,DRA. GLORIA LIGIA ROCIO VILLARROEL ROCHA,JUEZ 9 PUBLICO CIVIL Y COMERCIAL DE COCHABAMBA 
COCHABAMBA,DRA. MARIA ANTONIETA TEJADA MEDINA,JUEZ DE INSTRUCCION MIXTO LIQUIDADOR Y CAUTELAR DE AIQUILE
COCHABAMBA,DRA. IRBLAN ERIKA LIZARAZU ARCE,JUEZ PUBLICO CIVIL Y COMERCIAL 22 DE COCHABAMBA
COCHABAMBA,DRA. MARIA IVONNE AVILES ESCOBAR,JUEZ 14 PUBLICO CIVIL Y COMERCIAL  DE COCHABAMBA
COCHABAMBA,DRA. MARTHA M. LEDEZMA MEDRANO,JUEZ 21 PUBLICO CIVIL Y COMERCIAL  
COCHABAMBA,DRA. MARIA TERESA TEJERINA ROSALES,JUEZ 17 PUBLICO CIVIL Y COMERCIAL  DE COCHABAMBA
COCHABAMBA,DRA. TANIA ROXANA PERALTA URIONA,JUEZ 8VO. DE PARTIDO DE FAMILIA DE COCHABAMBA
COCHABAMBA,LIC. DIRZEY ROSARIO VARGAS AMURRIO,ADUANA NACIONAL DE BOLIVIA REGIONAL COCHABAMBA
COCHABAMBA,DRA. NINFA CLAUDIA CHUGAR ZUBIETA,JUEZ PUBLICO DE FAMILIA 9 DE COCHABAMBA
COCHABAMBA,LIC. VIRGINIA VIDAL AYALA,SERVICIO DE IMPUESTOS NACIONALES DISTRITAL COCHABAMBA
COCHABAMBA,DRA. MARIA ZULMA MONTANO MONTANO,JUEZ 18 PUBLICO CIVIL Y COMERCIAL  DE COCHABAMBA
COCHABAMBA,DRA. MARTHA JANETH SAAVEDRA GOMEZ,JUEZ 3RO. DE PARTIDO DE FAMILIA DE COCHABAMBA
COCHABAMBA,DRA. IVON CARMINA ALCALA HELGUERO,JUEZ 3 DE INSTRUCCION CIVIL DE COCHABAMBA
COCHABAMBA,DRA. LUZ GABRIELA MONTANO BALDERRAMA,JUEZ 6 PUBLICO CIVIL Y COMERCIAL  DE COCHABAMBA
COCHABAMBA,DRA. JANETH RIVAS SOLIS,JUEZ 10 PUBLICO CIVIL Y COMERCIAL  DE COCHABAMBA
COCHABAMBA,DRA. IVON CARMINA ALCALA HELGUERO,JUEZ 15 PUBLICO CIVIL Y COMERCIAL 
COCHABAMBA,DR. RICHARD ELVIS GOMEZ CLAROS,JUEZ DE PARTIDO DEL TRABAJO Y SEGURIDAD SOCIAL 1 
COCHABAMBA,DRA. XIMENA NARVAEZ RIVERO,FISCAL DE MATERIA
COCHABAMBA,DRA. SILVIA DELIA JIMENEZ COSSIO,JUEZ PUBLICO DE FAMILIA 2 DE COCHABAMBA
COCHABAMBA,DRA. MONICA LOPEZ SOLANO,FISCAL DE MATERIA
COCHABAMBA,DRA. MARIA LUZ MONTANO ALMENDRAS,JUEZ 19 PUBLICO CIVIL Y COMERCIAL  DE COCHABAMBA
COCHABAMBA,DRA. MARIA ELENA ARIAS M.,JUEZ 19 PUBLICO CIVIL Y COMERCIAL  DE COCHABAMBA
COCHABAMBA,DRA. IVETH QUISPE PATINO,JUEZ PUBLICO DE FAMILIA 14 DE COCHABAMBA
COCHABAMBA,LIC. ROSMERY VILLACORTA GUZMAN  ,SERVICIO DE IMPUESTOS NACIONALES DISTRITAL COCHABAMBA
COCHABAMBA,DRA. ROCIO CLAUDIA CORONEL TRUJILLO,JUEZ PUBLICO CIVIL Y COMERCIAL 22 DE COCHABAMBA
COCHABAMBA,DRA. NANCY BLANCO FERNANDEZ,JUEZ 4 PUBLICO CIVIL Y COMERCIAL  DE COCHABAMBA
COCHABAMBA,LIC. CLAUDIA MARCELA GARCES CACERES,GOBIERNO AUTONOMO MUNICIPAL DE COCHABAMBA
COCHABAMBA,DRA. MARIA EUGENIA SAAVEDRA SALAZAR,JUEZ PUBLICO DE FAMILIA 10 DE COCHABAMBA
COCHABAMBA,DRA. MARTHA MAXIMA LEDEZMA MEDRANO,JUEZ 21 PUBLICO CIVIL Y COMERCIAL  DE COCHABAMBA
COCHABAMBA,DRA. ANA MARIA MONTESINOS RODRIGUEZ ,JUEZ PUBLICO DE FAMILIA 4 DE COCHABAMBA
COCHABAMBA,LIC. ROCIO ISABEL DIAZ WORMALD,GOBIERNO AUTONOMO MUNICIPAL DE COCHABAMBA
COCHABAMBA,DRA. JANETH DAVILA MANCILLA,JUEZ 5 PUBLICO CIVIL Y COMERCIAL DE COCHABAMBA 
COCHABAMBA,DRA. ROSARIO B. OROZCO GARCIA,JUEZ 2 DE INSTRUCCION PENAL CAUTELAR DE COCHABAMBA
COCHABAMBA,DRA. ROSARIO SAINZ QUIROGA,JUEZ DE SENTENCIA PENAL 3 DE COCHABAMBA
COCHABAMBA,DRA. ZARELA MURIEL RUSSO,GOBIERNO AUTONOMO MUNICIPAL DE COCHABAMBA
COCHABAMBA,DRA. MARICEL VIOLETA GUZMAN CAMACHO,JUEZ 1 PUBLIO CIVIL Y COMERCIAL DE COCHABAMBA
COCHABAMBA,LIC. MARIA DEL CARMEN CASTELO TAPIA,GOBIERNO AUTONOMO MUNICIPAL DE COCHABAMBA
COCHABAMBA,LIC. KARINA PAULA BALDERRAMA ESPINOZA,SERVICIO DE IMPUESTOS NACIONALES DISTRITAL COCHABAMBA
COCHABAMBA,DRA. JANETH FERNANDA QUIROGA APARICIO,JUEZ DE PARTIDO DE TRABAJO Y SEGURIDAD SOCIAL 1 DE COCHABAMBA
COCHABAMBA,DRA. SILVIA VERONICA LORA GUTIERREZ,JUEZ 3 PUBLICO CIVIL Y COMERCIAL  
COCHABAMBA,DRA. TERESA L. FERRUFINO N.,FISCAL DE MATERIA I
COCHABAMBA,DRA. LILIANA ROMERO ESPINOZA,JUEZ PENAL DE SS.CC. LIQUIDADOR Y SENTENCIA 5
COCHABAMBA,DRA. GIOVANNA A. BALDERRAMA MEDRANO,JUEZ 18 PUBLICO CIVIL Y COMERCIAL 
COCHABAMBA,DRA. NATALIA A. GONZALES SANCHEZ,GOBIERNO AUTONOMO MUNICIPAL DE COCHABAMBA
COCHABAMBA,DRA. CLAUDIA VIVIANA CORRALES SOLIS,JUEZ 12 PUBLICO CIVIL Y COMERCIAL 
COCHABAMBA,DR. EVER M. AYAVIRI CHILA,JUEZ 13 PUBLICO CIVIL Y COMERCIAL 
COCHABAMBA,LIC. NANDOR RODRIGO LOAYZA CORO,SERVICIO DE IMPUESTOS NACIONALES DISTRITAL COCHABAMBA
COCHABAMBA,LIC. JAVIER A. CORRALES GARCIA,ADUANA NACIONAL DE BOLIVIA REGIONAL COCHABAMBA
COCHABAMBA,DRA. MARIA PAOLA ANGULO OROZA,JUEZ 7 PUBLICO CIVIL Y COMERCIAL DE COCHABAMBA
COCHABAMBA,DR. ELOY ASPETTI ASPETTI,JUEZ PUBLICO MIXTO CIVIL Y COMERCIAL DE FAMILIA E INTR. PENAL 2 EPISUR DE COCHABAMBA
COCHABAMBA,JOSE ELMER BARRANCOS BARRIENTOS,SERVICIO DE IMPUESTOS NACIONALES DISTRITAL COCHABAMBA
COCHABAMBA,AGAPO FERRUFINO SANCHEZ,SERVICIO DE IMPUESTOS NACIONALES DISTRITAL COCHABAMBA
COCHABAMBA,ING. WILLIAM ROJAS MUNGUIA,ADUANA NACIONAL DE BOLIVIA REGIONAL COCHABAMBA
COCHABAMBA,DR. OSCAR BLADIMIR ORTIZ VARGAS,JUEZ 5 PUBLICO DE FAMILIA
COCHABAMBA,DRA. JANETH MONTANO NAVIA,JUEZ 10 PUBLICO CIVIL Y COMERCIAL DE COCHABAMBA
COCHABAMBA,DRA. LEIDY DANIELA CALLICONDE PINEDO,JUEZ PUBLICO MIXTO CIVIL Y COMERCIAL FAMILIA NINEZ Y ADOLESCENCIA N 2 EPI NORTE
COLCAPIRHUA,DR. GASTON RODRIGUEZ SANCHEZ,JUEZ PUBLICO MIXTO CIVIL Y COMERCIAL DE FAMILIA E INSTRUCCION PENAL 1 DE COLCAPIRHUA
COLCAPIRHUA,DR. DANNY ROBERTO KNAUDT VILASECA,JUEZ PUBLICO MIXTO CIVIL Y COMERCIAL DE FAMILIA E INSTRUCCION PENAL 1
COLCAPIRHUA,DR. MILTON EDUARDO MONTANO VERDUGUEZ,JUEZ PUBLICO MIXTO CIVIL Y COMERCIAL DE FAMILIA E INSTRUCCION PENAL 2
COMARAPA,DR. HUMBERTO LEONIDAS RODRIGUEZ ARANIBAR,JUEZ PUBLICO CIVIL Y COMERCIAL Y SENTENCIA 1 DE COMARAPA
CONCEPCION,DR. AGAPITO ALPIRE PEREZ,JUEZ DE PARTIDO Y SENTENCIA DE CONCEPCION 
CONCEPCION,DR. JHONNIE XAVIER ORINOCHI ORTIZ,JUEZ PUBLICO CIVIL Y COMERCIAL DE FAMILIA E INSTRUCCION PENAL 1 DE CONCEPCION
CONCEPCION,DRA. ELIZABETH VARGAS ZAMBRANA,JUEZ PUBLICO MIXTO CIVIL COMERCIAL DE FAMILIA DE LA NINEZ Y ADOLESCENCIA DEL TRABAJO Y SEGURIDAD SOCIAL Y DE SENTENCIA PENAL 2 DE CONCEPCION
COPACABANA,DR. JUAN ARROYO MORALES,JUEZ DE INSTRUCCION MIXTO LIQUIDADOR Y CAUTELAR DE COPACABANA
COPACABANA,DRA. ELIZABETH S. RIOS CASTELLON ,JUEZ PUBLICO MIXTO CIVIL COMERCIAL Y FAMILIA 1 DE COPACABANA
COROICO,DR. JUAN CARLOS GARFIAS P.,JUEZ DE INSTRUCCION MIXTO DE COROICO
COROICO,DR. JUAN RAMOS SOLIZ,JUEZ PUBLICO CIVIL Y COMERCIAL DE PARTIDO DE TRABAJO S. S. Y SENTENCIA PENAL 1 DE COROICO
COTAGAITA,DR. GUSTAVO FAVIO DIAZ MARTINEZ,JUEZ PUBLICO CIVIL COMERCIAL PARTIDO TRABAJO Y SEGURIDAD SOCIAL Y SENTENCIA 1 DE COTAGAITA
COTAGAITA,DR. REMBERTO CABRERA M.,JUEZ PUBLICO DE FAMILIA NINEZ Y ADOLESCENCIA E INSTRUCCION PENAL 1 DE COTAGAITA
CULPINA,DR. FELIX MIRANDA CHOQUE,JUEZ PUBLICO MIXTO CIVIL Y COMERCIAL DE FAMILIA NINEZ ADOLESCENCIA E INSTRUCCION PENAL 1
EL TORNO,DR. ROGER SALVATIERRA ROCHA,JUEZ PUBLICO MIXTO CIVIL COMERCIAL FAMILIA NINEZ Y ADOLESCENCIA E INSTRUCCION PENAL 1DE EL TORNO
ENTRE RIOS,DR. CRISTIAN ARANCIBIA QUISPE,JUEZ PUBLICO CIVIL Y COMERCIAL E INSTRUCCION PENAL 1
ENTRE RIOS,DR. GOLDEN EFRAIN FERNANDEZ RAMOS,JUEZ PUBLICO MIXTO CIVIL Y COMERCIAL DE FAMILIA DE LA NINEZ Y ADOLESCENCIA E INSTRUCCION PENAL 1 DE ENTRE RIOS
MONTEAGUDO,DRA. MARIA ELIZABETH CRUZ ARANCIBIA,JUEZ PUBLICO CIVIL Y  COMERCIAL 2
EL ALTO,DRA. RICARDINA ARUNI VALENCIA,JUEZ PUBLICO DE FAMILIA 9 DE EL ALTO
GUAYARAMERIN,DR. JOSE LUIS VACA VILLARROEL,JUEZ 1RO. DE INSTRUCCION MIXTO DE GUAYARAMERIN
GUAYARAMERIN,DR. RENE GAMBOA CALDERON,JUEZ PUBLICO MIXTO CIVIL Y COMERCIAL Y DE FAMILIA 1 DE GUAYARAMERIN
GUAYARAMERIN,DR. WALTON QUEZADA CLAROS,JUEZ PUBLICO MIXTO CIVIL Y COMERCIAL Y DE FAMILIA 2 DE GUAYARAMERIN
GUAYARAMERIN,DRA. CARLA MANU PAREDES,JUEZ PUBLICO MIXTO CIVIL COMERCIAL Y FAMILIA 2
INCAHUASI,DR. EMERCIANO MERAS DURAN,JUEZ PUBLICO MIXTO CIVIL Y COMERCIAL DE FAMILIA DE LA NINEZ Y ADOLESCENCIA DE PARTIDO DE TRABAJO Y S.S. Y SENTENCIA PENAL
IVIRGARZAMA,DR. E. GOLDEN FERNANDEZ RAMOS,JUEZ DE PARTIDO MIXTO Y PUBLICO EN MATERIA DE LA NINEZ N 2 DE IVIRGARZAMA 
IVIRGARZAMA,DR. VICENTE AYZAMA LOPEZ,JUEZ PUBLICO DE LA NINEZ Y ADOLESCENCIA E INSTRUCCION PENAL 1 DE IVIRGARZAMA
IVIRGARZAMA,DR. BORIS ESPINOZA VARGAS ,JUEZ PUBLICO MIXTO CIVIL Y COMERCIAL DE FAMILIA Y DE SENTENCIA PENAL 1
IVIRGARZAMA,DRA. OLGA ROJAS FLORES,JUEZ PUBLICO MIXTO CIVIL Y COMERCIAL DE FAMILIA Y SENTENCIA PENAL 1
IXIAMAS,DR. ELVIS J. ROJAS BARRIENTOS,JUEZ DE INSTRUCCION MIXTO DE IXIAMAS
LA GUARDIA,DRA. MARIA ROXANA ENCINAS CASTEDO,JUEZ PUBLICO MIXTO CIVIL Y COMERCIAL DE FAMILIA E INSTRUCCION PENAL 1 DE LA GUARDIA
LA PAZ,DR. JUAN LAURA CHIQUE,FISCAL DE MATERIA
LA PAZ,DR. JOSE RODRIGUEZ MOLLINEDO,FISCAL DE MATERIA
POTOSI,DRA. GABRIELA QUINTANA LOPEZ,FISCAL DE MATERIA
LA PAZ,DIEGO ALEJANDRO BARBOZA ZEBALLOS,ADUANA NACIONAL DE BOLIVIA REGIONAL LA PAZ
LLALLAGUA,DRA. ERIKA VILLARROEL SORIA GALVARRO,JUEZ 2 PUBLICO CIVIL Y COMERCIAL  DE LLALLAGUA
LLALLAGUA,DRA. GERTRUDIS B. BARRENECHEA AGUILAR,JUEZ 1 PUBLICO CIVIL Y COMERCIAL  DE LLALLAGUA
MINERO,DR. RENE BLANCO LEON,JUEZ PUBLICO MIXTO CIVIL Y COMERCIAL DE FAMILIA NINEZ Y ADOLESCENCIA E INSTRUCCION PENAL 1 DE MINERO
MIZQUE,DR. EMILIO FRANCO FERRUFINO,JUEZ PUBLICO MIXTO CIVIL Y COMERCIAL DE FAMILIA DE LA NINEZ Y ADOLESCENCIA E INSTRUCCION PENAL 1
MONTEAGUDO,DR. JUAN CARLOS IRALA MONTES,JUEZ PUBLICO CIVIL COMERCIAL Y DE SENTENCIA PENAL 2 DE MONTEAGUDO
MONTEAGUDO,DRA. PILAR MONSERRAT GANTIER CAMACHO,JUEZ 1 PUBLICO CIVIL Y COMERCIAL Y DE SENTENCIA PENAL
MONTEAGUDO,DRA. MARIA JANETH AGUILAR FLORES,JUEZ TECNICO DE SENTENCIA 1 Y DE PARTIDO DE TRABAJO Y S.S. 1
MONTERO,DR. E. ROBERTO CABALLERO MONTERO,GOBIERNO AUTONOMO MUNICIPAL DE MONTERO
MONTERO,DR. LORENZO SALVATIERRA ALGARANAZ,JUEZ DE PARTIDO DE TRABAJO Y SEGURIDAD SOCIAL DE MONTERO
MONTERO,DR. GROVER SERRUDO LEANO,JUEZ 4TO. DE PARTIDO MIXTO Y DE SENTENCIA DE MONTERO
MONTERO,DR. IVAN RODRIGUEZ GARCIA,JUEZ 4 PUBLICO CIVIL Y COMERCIAL  DE MONTERO
MONTERO,DR. JESUS HURTADO DAZA,JUEZ 1 PUBLICO CIVIL Y COMERCIAL  DE MONTERO
MONTERO,DR. MARCELO VELASQUEZ MOLINA,JUEZ 3 PUBLICO CIVIL Y COMERCIAL  DE MONTERO
MONTERO,ING. LUZ MARINA PAZ SOSSA,GOBIERNO AUTONOMO MUNICIPAL DE MONTERO
MONTERO,DRA. G. CLAUDIA PENARANDA TITO,JUEZ DE PARTIDO DE TRABAJO Y SEGURIDAD SOCIAL Y SENTENCIA PENAL 1 DE MONTERO
MONTERO,DRA. CLARIVEL AYALA PERROGON,JUEZ PUBLICO DE LA NINEZ Y ADOLESCENCIA Y SENTENCIA PENAL 1 DE MONTERO
SANTA CRUZ,DRA. LUCINDA B. CHAMOSO GONZALES,JUEZ 3 PUBLICO DE FAMILIA DE SANTA CRUZ
MONTERO,LIC. RAQUEL BALCAZAR DE CAMARGO,GOBIERNO AUTONOMO MUNICIPAL DE MONTERO
MONTERO,DRA. SILVIA J. MARTINEZ BLACUTT,JUEZ 2 PUBLICO CIVIL Y COMERCIAL 
MONTERO,DRA. MICHELLE LANGUIDEY GUARDIA,JUEZ 4 PUBLICO CIVIL Y COMERCIAL DE MONTERO
MONTERO,LIC. JUAN CARLOS LLANOS SALAMANCA,SERVICIO DE IMPUESTOS NACIONALES DISTRITAL MONTERO
MONTERO,DRA. C. VICTORIA VARGAS M.,JUEZ 1 PUBLICO CIVIL Y COMERCIAL DE MONTERO
MONTERO,DR. VICTOR HUGO ROJAS SANCHEZ,JUEZ 2 PUBLICO CIVIL Y COMERCIAL  DE MONTERO
MUYUPAMPA,DRA. REGINA ELIANA SORIA PORCEL,JUEZ INSTRUCTOR MIXTO CAUTELAR DE MUYUPAMPA
MUYUPAMPA,DR. VICENTE DIAZ URIETA,JUEZ PUBLICO MIXTO CIVIL COMERCIAL DE FAMILIA DE LA NINEZ Y ADOLESCENCIA DEL TRABAJO Y SEGURIDAD SOCIAL Y DE SENTENCIA PENAL N 1 DE MUYUPAMPA
ORURO,DR. DAVID PACO GUTIERREZ,JUEZ 8 PUBLICO CIVIL Y COMERCIAL  DE ORURO
ORURO,DR. LUIS AMADEO OROSCO ICHOTA,JUEZ 14 PUBLICO CIVIL Y COMERCIAL  DE ORURO
ORURO,DR. JOSE CARLOS MONTOYA CONDORI,JUEZ 1 PUBLICO CIVIL Y COMERCIAL  
ORURO,DR. OMAR G. PEREYRA MOYA,JUEZ 4 PUBLICO CIVIL Y COMERCIAL  DE ORURO
ORURO,DR. EDDY ALARCON RINALDO,JUEZ 2 PUBLICO CIVIL Y COMERCIAL  DE ORURO
ORURO,DR. HENRY CONRADO LAIME VILLCA,JUEZ 10 PUBLICO CIVIL Y COMERCIAL  DE ORURO
ORURO,LIC. MAURO VARGAS CALVIMONTES,ADUANA NACIONAL DE BOLIVIA REGIONAL ORURO
ORURO,DR. ANTONIO MENACHO AILLON,JUEZ DE PARTIDO DEL TRABAJO Y SEGURIDAD SOCIAL ADMINISTRATIVO COACTIVO FISCALY TRIBUTARIO 3
ORURO,DR. CHRISTIAN ECHENIQUE GONZALES,JUEZ DE PARTIDO DE TRABAJO Y SEGURIDAD SOCIAL ADMINISTRATIVO COACTIVO FISCALY TRIBUTARIO 1 DE ORURO
ORURO,DR. MARIO J. OSORIO SOLIZ,JUEZ 6 PUBLICO CIVIL Y COMERCIAL  DE ORURO
ORURO,DR. ADRIAN JIMENEZ RASGUIDO,JUEZ 5 PUBLICO CIVIL Y COMERCIAL  DE ORURO
ORURO,DRA. REYNA E. CHALLAPA ESCOBAR,JUEZ 5 PUBLICO CIVIL Y COMERCIAL  DE ORURO
ORURO,LIC. WILDER FERNANDO CASTRO REQUENA,ADUANA NACIONAL DE BOLIVIA REGIONAL ORURO
ORURO,DR. RICARDO EDGAR FLORES CARVAJAL,JUEZ 3 PUBLICO CIVIL Y COMERCIAL  DE ORURO
ORURO,DR. DANIEL AYAVIRI AYAVIRI,JUEZ PUBLIO CIVIL Y COMERCIAL 7 DE ORURO
ORURO,LIC. JOSE ANTONIO SOTO PUNA,ADUANA NACIONAL DE BOLIVIA REGIONAL ORURO
ORURO,DR. YOSSIF IVAN MORALES CORTEZ,JUEZ 9 PUBLICO CIVIL Y COMERCIAL  DE ORURO
ORURO,DR. VICTOR YAVE SANCHEZ,JUEZ DE PARTIDO DE TRABAJO Y SEGURIDAD SOCIAL ADMINISTRATIVO COACTIVO FISCALY TRIBUTARIO 1
ORURO,DR. OSCAR CHAVEZ HIDALGO,JUEZ 12 PUBLICO CIVIL Y COMERCIAL  DE ORURO
ORURO,DRA. MAGALI MORALES ALMENDRAS,JUEZ DE PARTIDO DE TRABAJO SEGURIDAD SOCIAL ADMINISTRATIVO COACTIVO FISCALY TRIBUTARIO 2
ORURO,LIC. VERONICA JEANNINE SANDY TAPIA,SERVICIO DE IMPUESTOS NACIONALES DISTRITAL ORURO
ORURO,DRA. NATIVIDAD MARILU GARCIA,JUEZ 5TO. DE INSTRUCCION CIVIL DE ORURO
ORURO,LIC. LILIANA CANEDO ANTEZANA,ADUANA NACIONAL DE BOLIVIA REGIONAL ORURO
LA PAZ,DRA. SOFIA T. GUZMAN CARPIO,FISCAL DE MATERIA
LA PAZ,DR. JOSE ALBERTO RODRIGUEZ MOLLINEDO,FISCAL DE MATERIA
LA PAZ,DRA. VICTORIA CECILIA BERNAL AGUILAR,JUEZ 15 PUBLICO CIVIL Y COMERCIAL  
LA PAZ,DRA. CECILIA A. ARAMAYO PEREZ,JUEZ 12 PUBLICO CIVIL Y COMERCIAL  
ORURO,DRA. MARIA LEONOR ABASTO SAAVEDRA,JUEZ 13 PUBLICO CIVIL Y COMERCIAL DE ORURO
ORURO,DRA. EDDA S. FIORILO BARRIOS,JUEZ DE PARTIDO DEL TRABAJO Y SEGURIDAD SOCIAL ADMINISTRATIVO COACTIVO FISCALY TRIBUTARIO 2 DE ORURO
ORURO,DRA. VERONICA ECHALAR BARRIENTOS,JUEZ 2 DE SENTENCIA PENAL
ORURO,DRA. SORAYA BRITTA ESTRADA GAMBOA,JUEZ 7 PUBLICO DE FAMILIA
ORURO,DRA. ANA ADELA QUISPE CUBA,JUEZ 6 PUBLICO CIVIL Y COMERCIAL DE ORURO
ORURO,DR. ERICK BRUNO HERRERA HERRERA,FISCAL DE LA FISCALIAIA ESPECIALIZADA DE PATRIMONIALES
SANTA CRUZ,DR. CARLOS RUDY PARADA SOLETO,FISCAL DE LA FISCALIAIA ESPECIALIZADA DE PATRIMONIALES
SANTA CRUZ,DR. LUIS ENRIQUE RODRIGUEZ SUAREZ,FISCAL DE LA FISCALIAIA ESPECIALIZADA DE PATRIMONIALES
COCHABAMBA,DR. LIMBERG MAMANI FLORES,FISCAL DE MATERIA
COCHABAMBA,CLAUDIA R. PAREDES OLMOS,FISCAL DE MATERIA
ORURO,DR. ARMANDO MAGNE ZELAYA,ADUANA NACIONAL DE BOLIVIA REGIONAL ORURO
ORURO,HENRY HUMBERTO DEL CASTILLO ESCOBAR,ADUANA NACIONAL DE BOLIVIA REGIONAL ORURO
ORURO,PABIO BEIMAR ESPINOZA ROMERO,SERVICIO DE IMPUESTOS NACIONALES DISTRITAL ORURO
ORURO,IVANNA CARMINA BELTRAN,GERENCIA DISTRITAL ORURO A.I.
ORURO,OTILIA CHOQUE VELIZ,ADUANA NACIONAL DE BOLIVIA REGIONAL ORURO
ORURO,DR. ANDRES OJEDA SURCO,JUEZ 11 PUBLICO CIVIL Y COMERCIAL DE ORURO
ORURO,FRIDA LUISA AYALA ALVAREZ,ADUANA NACIONAL DE BOLIVIA REGIONAL ORURO
ORURO,DR. OSCAR DANIEL ARANCIBIA BRACAMONTE,ADUANA NACIONAL DE BOLIVIA REGIONAL ORURO
PAILON,DR. CECILIO VEGA OPORTO,JUEZ AGROAMBIENTAL DE PAILON
PAILON,DRA. NATHALIA M. ROSAS FERNANDEZ,JUEZ DE INSTRUCCION MIXTO DE PAILON
ZUDANEZ,DR. GERARDO LUIS ECHALAR RAMIREZ,JUEZ PUBLICO MIXTO CIVIL Y COMERCIAL DE FAMILIA DE LA NINEZ Y ADOLESCENCIA E INSTRUCCION PENAL 1 DE ZUDANEZ
PALOS BLANCOS,DR. ALDO R. PORTUGAL MAMANI,JUEZ PUBLICO MIXTO CIVIL Y COMERCIAL DE FAMILIA DE LA NINEZ Y ADOLESCENCIA E INSTRUCCION PENAL 1 DE PALOS BLANCOS
PANDO,DR. MIGUEL ANGEL GARCIA SOLARES,JUEZ 1 PUBLICO CIVIL Y COMERCIAL  DE COBIJA
PANDO,DR. HUMBERTO PADILLA A.,JUEZ DE PARTIDO DEL TRABAJO Y SEGURIDAD SOCIAL DE COBIJA
PANDO,LIC. RAMIRO G. VILLARREAL DIAZ,SERVICIO DE IMPUESTOS NACIONALES DISTRITAL PANDO
PANDO,DR. PABLO AQUILES ANDIA MORA,JUEZ 2 PUBLICO CIVIL Y COMERCIAL  DE PANDO 
CARACOLLO,DRA. SANTUSA PIZARRO C.,JUEZ PUBLICO MIXTO CIVIL Y COMERCIAL DE FAMILIA DE LA NINEZ Y ADOLESCENCIA E INSTRUCCION PENAL 1 DE CARACOLLO
PANDO,LIC. FRANCISCO DIVICO CLIVEITA,GOBIERNO AUTONOMO MUNICIPAL DE COBIJA
MONTERO,LIC. RAMIRO HERRERA RODRIGUEZ,GOBIERNO AUTONOMO MUNICIPAL DE MONTERO
VIACHA,DR. RAUL HECTOR ALANOCA MAMANI,GOBIERNO AUTONOMO MUNICIPAL DE VIACHA
PANDO,DRA. MILENA HURTADO APINAYE,JUEZ 3 PUBLICO CIVIL Y COMERCIAL  DE COBIJA
PANDO,DRA. MARIA ESTHER CAERO SILVA,JUEZ EN MATERIA ADMINISTRATIVA COACTIVA FISCALY TRIBUTARIA DE COBIJA
PANDO,LIC. MARIA CALDERON PARACAGUA,SERVICIO DE IMPUESTOS NACIONALES DISTRITAL PANDO
PANDO,DRA. MARIA INES BURGOS BELAUNDE,JUEZ 4 PUBLICO CIVIL Y COMERCIAL  DE PANDO
PANDO,LIC. CELINA COROJALLA CAMARGO,SERVICIO DE IMPUESTOS NACIONALES DISTRITAL PANDO
PANDO,DR. ANTONIO PENARANDA MERCADO ,JUEZ 1 PUBLICO CIVIL Y COMERCIAL DE COBIJA
PORTACHUELO,DR. PEDRO FELIX RIBERA CRUZ,JUEZ 1 PUBLICO MIXTO CIVIL COMERCIAL FAMILIA NINEZ Y ADOLESCENCIA DE PORTACHUELO
POTOSI,DR. RIMBERTY MAMANI HERRERA,JUEZ 2 PUBLICO CIVIL Y COMERCIAL  DE POTOSI
POTOSI,LIC. ZENOBIO VILLAMANI ATANACIO,SERVICIO DE IMPUESTOS NACIONALES DISTRITAL POTOSI
POTOSI,DR. OCTAVIO BORIS JANCO VILLEGAS,JUEZ 1 PUBLICO CIVIL Y COMERCIAL  DE POTOSI 
POTOSI,LIC. WALDO ARAMAYO MEDINACELI,ADUANA NACIONAL DE BOLIVIA REGIONAL POTOSI
POTOSI,DR. OSMAR TELLEZ MALDONADO,FISCAL DE MATERIA ASIGNADO A LA FISCALIAIA ESPECIALIZADA EN DELITOS PATRIMONIALES F.E.D.P.
POTOSI,DR. PABLO DANIEL MANRIQUE VIDELA,FISCAL DE MATERIA PENAL
POTOSI,DR. ARTURO MALFERT MOLINA,JUEZ 6 PUBLICO CIVIL Y COMERCIAL  
POTOSI,DR. JUAN VILLALPANDO R.,JUEZ 3 PUBLICO CIVIL Y COMERCIAL  DE POTOSI
POTOSI,DR. GUIDO MENDOZA MAMANI ,JUEZ DE PARTIDO DE TRABAJO Y SEGURIDAD SOCIAL ADMINISTRATIVO COACTIVO FISCALY TRIBUTARIO 2
POTOSI,DR. FERNANDO CANAZA BOBARIN,JUEZ 1 PUBLICO CIVIL Y COMERCIAL DE POTOSI 
POTOSI,LIC. MARCO ANTONIO LOPEZ ZAMORA,ADUANA NACIONAL DE BOLIVIA REGIONAL POTOSI
POTOSI,DR. VICTOR C. TORO MONTOYA,JUEZ 5 PUBLICO CIVIL Y COMERCIAL DE POTOSI
POTOSI,LIC. ROBERTO MIGUEL FIGUEROA MEDRANO,ADUANA NACIONAL DE BOLIVIA REGIONAL POTOSI
POTOSI,LIC. GROVER ROLANDO CHUQUIMIA MAMANI,ADUANA NACIONAL DE BOLIVIA REGIONAL POTOSI
CHUQUISACA,LIC. ZENON CONDORI BELTRAN ,SERVICIO DE IMPUESTOS NACIONALES DISTRITAL CHUQUISACA
POTOSI,DRA. IRMA B. MORALES SANABRIA,JUEZ 2 DE PARTIDO DE TRABAJO Y SEGURIDAD SOCIAL ADMINISTRATIVO COACTIVO FISCALY TRIBUTARIO DE POTOSI
POTOSI,DRA. MARY NANCY MAMANI VASQUEZ,JUEZ 3 DE PARTIDO DE TRABAJO Y SEGURIDAD SOCIAL ADMINISTRATIVO COACTIVO SOCIAL Y TRIBUTARIO
POTOSI,DRA. LIZETT REGINA ROCHA RUIZ,JUEZ 1 DE PARTIDO DE TRABAJO Y SEGURIDAD SOCIAL ADMINISTRATIVO COACTIVO FISCALY TRIBUTARIO
POTOSI,DRA. M. JIMENA QUINTANA CORS,JUEZ 9 PUBLICO CIVIL Y COMERCIAL  DE POTOSI
POTOSI,DRA. INGRID A. ARIZAGA FLORES,JUEZ 6 PUBLICO CIVIL Y COMERCIAL  DE POTOSI
POTOSI,DRA. KARINA G. DOMINGUEZ C.,JUEZ 7 PUBLICO CIVIL Y COMERCIAL  
POTOSI,DRA. KARINA CAHUANA MORALES,FISCAL DE MATERI SS.CC.
POTOSI,DR. JAVIER ALONZO TORREJON TIRAO,FISCAL DE MATERIA ESPECIALIZADA EN DELITOS PATRIMONIALES 
POTOSI,DRA. CLAUDIA GONZALES AGUILAR,JUEZ 5 PUBLICO DE FAMILIA 
POTOSI,DRA. MARIA ANTONIETA CHOQUE QUECANA,FISCAL DE MATERIA ESPECIALIZADA EN DELITOS PATRIMONIALES
POTOSI,DR. YASIR F. CORTES TERAN,JUEZ 3 PUBLICO DE FAMILIA
POTOSI,LIC. ZENON CONDORI BELTRAN,SERVICIO DE IMPUESTOS NACIONALES DISTRITAL POTOSI
POTOSI,LIC. EDWIN DIAZ AVILA ,SERVICIO DE IMPUESTOS NACIONALES DISTRITAL POTOSI
POTOSI,DRA. JANNETE SALGUERO SIERRA,JUEZ 4 PUBLICO CIVIL Y COMERCIAL DE POTOSI
POTOSI,EDUARDO ORELLANA CAMPOS,ADUANA NACIONAL DE BOLIVIA REGIONAL POTOSI
POTOSI,EFRAIN MAMANI RAMOS,ADUANA NACIONAL DE BOLIVIA REGIONAL POTOSI
POTOSI,DRA. SILVIA MICHEL LAMAS FLORES,ADUANA NACIONAL DE BOLIVIA REGIONAL POTOSI
POTOSI,JULIO JAIME PEREZ MADANI,ADUANA NACIONAL DE BOLIVIA REGIONAL POTOSI
POTOSI,ANDRES WILLY MAYTA LLANOS,ADUANA NACIONAL DE BOLIVIA REGIONAL POTOSI
POTOSI,LIC. GABRIELA LOAYZA CLAVIJO,GOBIERNO AUTONOMO MUNICIPAL DE POTOSI
ORURO,PATRICIA TRUJILLO CAVIADES,ADUANA NACIONAL DE BOLIVIA REGIONAL ORURO
LA PAZ,DR. JOSE LUIS SANJINEZ M.,JUEZ 23 PUBLICO CIVIL Y COMERCIAL DE LA PAZ
LA PAZ,DR. JOSE ANGEL CARVAJAL CORDERO,JUEZ 1 PUBLICO CIVIL Y COMERCIAL  DE LA PAZ
LA PAZ,DR. FAUSTO CALLE M. ,JUEZ 3 PUBLICO CIVIL Y COMERCIAL  DE LA PAZ
LA PAZ,DR. BORIS RENE FLORES CANGRI,FISCAL DE MATERIA 
LA PAZ,DRA. IVONNE PATRICIA CHARA VARGAS,FISCAL DE MATERIA 
LA PAZ,DR. CRISTHIAN COPA SALGUERO,FISCAL DE MATERIA 
LA PAZ,DR. EDUARDO CONDO RIVEROS,JUEZ 3 DE PARTIDO ADMINISTRATIVO COACTIVO FISCALY TRIBUTARIO DE LA PAZ
LA PAZ,DRA. M. CONSUELO CHACON SCHMIDT DE MENDEZ,JUEZ 3RO. DE PARTIDO CIVIL Y COMERCIAL DE LA PAZ
LA PAZ,DR. VICTOR RUBIN DE CELIS LAZARTE,JUEZ DE PARTIDO ADMINISTRATIVO COACTIVO FISCALY TRIBUTARIO 4 DE LA PAZ
LA PAZ,DR. FREDDY HUARCA RAMOS,JUEZ 1RO. DE PARTIDO CIVIL Y COMERCIAL DE LA PAZ
LA PAZ,DR. WALKER ZAMORANO CASTRO,JUEZ 14 PUBLICO CIVIL Y COMERCIAL  DE LA PAZ
LA PAZ,DR. WALTER J. AGUILAR SUMI,JUEZ DE PARTIDO DEL TRABAJO Y SEGURIDAD SOCIAL 7 DE LA PAZ
LA PAZ,DR. EDWIN QUINTEROS QUINO,JUEZ PUBLICO CIVIL Y COMERCIAL 27 DE LA PAZ
LA PAZ,DR. FREDDY ROQUE RAMOS,JUEZ PUBLICO DE FAMILIA 13 DE LA PAZ
LA PAZ,DR. WALDO H. ALIAGA FLORES,JUEZ PUBLICO DE FAMILIA 7 DE LA PAZ
LA PAZ,DR. FREDDY GUILLERMO CANELAS ARISPE,JUEZ PUBLICO DE FAMILIA 6 DE LA PAZ
LA PAZ,DR. ADAN WILLY ARIAS AGUILAR,JUEZ 9NO. DE INSTRUCCION CIVIL DE LA PAZ
LA PAZ,DR. EDDY AREQUIPA CUBILLAS,JUEZ 19 PUBLICO CIVIL Y COMERCIAL  DE LA PAZ
LA PAZ,DR. DELFIN E. MAMANI MAMANI,JUEZ 5 DE TRABAJO Y SEGURIDAD SOCIAL DE LA PAZ
LA PAZ,DR. TEODORO MOLINA SALAZAR ,JUEZ PUBLICO DE FAMILIA 4 DE LA PAZ
LA PAZ,DR. ORLANDO BLACUTT AGUILAR,JUEZ 17 PUBLICO CIVIL Y COMERCIAL  
LA PAZ,DR. FERNANDO R. CABRERA RIOS,FISCAL DE MATERIA
LA PAZ,DR. FELIX SANTIAGO UGARTE M.,FISCAL DE MATERIA
LA PAZ,DR. OSCAR L. CAMPERO ARANIBAR,FISCAL DE MATERIA
LA PAZ,DR. DANIEL E. AYALA Y.,FISCAL DE MATERIA ADSCRITO A LA DIVISION DE CORRUPCION PUBLICA DE LA FUERZA ESPECIAL DE LUCHA CONTRA EL CRIMEN
LA PAZ,DR. FACUNDO CORONEL CHOQUE,FISCAL DE MATERIA
LA PAZ,DR. ROGER J. VELASQUEZ ALCAZAR,FISCAL DE MATERIA ADSCRITO A LA FUERZA ESPECIAL DE LUCHA CONTRA EL CRIMEN
LA PAZ,DR. CARLOS HUGO RIVERO MARIN,FISCAL DE MATERIA PENAL ADSCRITO A LA DIVISION ECONOMICO FINANCIERO
LA PAZ,DR. GREGORIO BLANCO TORREZ,FISCAL DE MATERIA
LA PAZ,DR. HEBER GONZALO TORREJON SINANI,FISCAL DE MATERIA
LA PAZ,DR. ALBERTO A. GUTIERREZ FERNANDEZ,FISCAL DE MATERIA 
LA PAZ,DR. LEOPOLDO RAMOS ERRADA,FISCAL DE MATERIA ASIGNADO A LA UNIDAD DE SOLUCION TEMPRANA DE LA FISCALIAIA 
LA PAZ,DR. FELIX AUGUSTO MARIN SORIA,FISCAL DE MATERIA
LA PAZ,DR. MARCO ANTONIO VARGAS YUPANQUI,FISCAL DE MATERIA 
LA PAZ,DR. FERNANDO R. CABRERA RIOS,FISCAL DE MATERIA
LA PAZ,DR. ROBERT PATTY ARISPE ,JUEZ PUBLICO CIVIL Y COMERCIAL 29 DE LA PAZ
LA PAZ,DR. JUAN CARLOS MENDOZA LAVADENZ,SERVICIO DE IMPUESTOS NACIONALES DISTRITAL LA PAZ
LA PAZ,DR. EDWIN FLORES COPA,JUEZ 13 PUBLICO CIVIL Y COMERCIAL  DE LA PAZ
LA PAZ,DR. GUSTAVO IVAN ESPEJO ESPEJO,JUEZ 4 PUBLICO CIVIL Y COMERCIAL DE LA PAZ 
LA PAZ,DR. RAUL ALEJANDRO GUTIERREZ QUISBERT,JUEZ PUBLICO CIVIL Y COMERCIAL 25 
LA PAZ,LIC. ERNESTO RUFO MARINO BORQUEZ,SERVICIO DE IMPUESTOS NACIONALES DISTRITAL LA PAZ I
LA PAZ,DR. FELIX C. PAZ ESPINOZA,JUEZ PUBLICO DE FAMILIA 5 DE LA PAZ
SANTA CRUZ,DRA. MIRTHA MEJIA SALAZAR,FISCAL DE MATERIA
LA PAZ,DR. JAVIER CARLOS FLORES HUANCA,FISCAL DE MATERIA
LA PAZ,DR. HERNAN A. ESPINOZA HERRERA,FISCAL DE MATERIA ADSCRITO A LA FUERZA ESPECIAL DE LUCHA CONTRA EL NARCOTRAFICO
LA PAZ,DR. LIMBER MEDINA ARTEAGA,JUEZ PUBLICO  CIVIL Y COMERCIAL 26 DE LA PAZ
LA PAZ,DR. SERGIO ELIAS BUSTILLOS QUEZADA,FISCAL DE MATERIA ADSCRITO A LA FUERZA ESPECIAL DE LUCHA CONTRA EL CRIMEN DE LA ZONA SUR
EL ALTO,DRA. MILCA LIA GOZALVEZ MAMANI,JUEZ PUBLICO MIXTO CIVIL Y COMERCIAL DE FAMILIA NINEZ Y ADOLESCENCIA E INSTRUCCION PENAL DEL DISTRITO 1
LA PAZ,DR. EDWIN JOSE BLANCO SORIA,JUEZ DE SENTENCIA PENAL 13
POTOSI,LIC. RICHARD MOSCOSO PAREDES,GOBIERNO AUTONOMO MUNICIPAL DE POTOSI
LA PAZ,DR. LUCIO RENAN CELIS QUINT,FISCAL DE MATERIA ADSCRITO A LA DIVISION D.C. LA CORRUPCION PUBLICA
LA PAZ,DR. EDWIN A. SARMIENTO VALDIVIA,FISCAL DE MATERIA
LA PAZ,DR. ALEJANDRO GAMBOA MENDOZA,FISCAL DE MATERIA ASIGNADO A LAS DIVISIONES DE TRANSITO Y DIPROVE DE LA ZOAN SUR
LA PAZ,DR. JOSE FERNANDO VILLARROEL BARRIOS,FISCAL DE MATERIA ASIGNADO A LA FISCALIAIA ESPECIALIZADA EN PERSECUCION DE DELITOS DE CORRUPCION
LA PAZ,DRA. JHENNY ZULEMA BENITEZ GONZALES,FISCAL DE MATERIA
LA PAZ,DR. ELSNER CRUZ CHOQUE,FISCAL DE MATERIA DE LEGITIMACION DE GANANCIAS ILICITAS
LA PAZ,DR. RICARDO JUAN CESPEDES RAU,GOBIERNO AUTONOMO MUNICIPAL DE LA PAZ
LA PAZ,DR. VICTOR L. GUAQUI C.,JUEZ 11 PUBLICO CIVIL Y COMERCIAL  DE LA PAZ
LA PAZ,DR. MANUEL BENJAMIN SAAVEDRA SAAVEDRA,FISCAL DE MATERIA III ADSCRITO A LA DIVISION ECONOMICOS FINANCIEROS
LA PAZ,DR. RONALD CHAVEZ NAVARRO,FISCAL DE MATERIA II DE SUSTANCIAS CONTROLADAS
LA PAZ,DR. JULIO CESAR GUERRERO ARRAYA,FISCAL DE MATERIA ASIGNADO A LA DIVISION DE CORRUPCION PUBLICA
LA PAZ,DR. ANGHELO J. SARAVIA ALBERTO,FISCAL DE MATERIA ADSCRITO A LA DIVISION DE PERSECUCION DE DELITOS DE CORRUPCION
LA PAZ,DR. JAVIER PACO C.,JUEZ 7 PUBLICO CIVIL Y COMERCIAL  DE LA PAZ
LA PAZ,DR. RENE O. DELGADO ECOS,JUEZ 3 DE SENTENCIA EN LO PENAL
LA PAZ,DR. RICARDO CONDORI MACHICADO,FISCAL DE MATERIA DE LA DIVISION ECONOMICO FINANCIERO
LA PAZ,DR. RANDAL MARDONEZ CALANIS,FISCAL DE MATERIA ADSCRITO A LA DIVISION CORPORATIVA DE CORRUPCION PUBLICA
LA PAZ,DR. JULIO OSWALDO SAENZ,FISCAL DE MATERIA DE SUSTANCIAS
LA PAZ,LIC. CARLOS CUEVAS URQUIOLA  ,SERVICIO DE IMPUESTOS NACIONALES DISTRITAL LA PAZ
LA PAZ,DR. WILLIAM GUARACHI TANCARA,FISCAL DE MATERIA
LA PAZ,DR. JOSE ANGEL PONCE RIVAS,FISCAL DE MATERIA ADSCRITO A LA DIVISION DE LEGITIMACION DE GANANCIAS ILICITAS Y SUSTANCIAS CONTROLADAS
LA PAZ,DR. MAGALY VIOLETA BUSTAMANTE HERBAS,FISCAL DE MATERIA
LA PAZ,DR. MARCOS A. BEDREGAL SERRANO,JUEZ PUBLICO DE FAMILIA 14 DE LA PAZ
LA PAZ,LIC. SANTOS VICTORIANO SALGADO TICONA,SERVICIO DE IMPUESTOS NACIONALES DISTRITAL LA PAZ 
LA PAZ,DR. MARCK MICHAEL SALAZAR BALDERRAMA,FISCAL DE MATERIA
LA PAZ,DRA. J. ELIZABETH ZAMBRANA MERCADO,FISCALADSCRITO A LA DIVISION ECONOMICO - FINANCIERO
LA PAZ,DR. BLADIMIR MONJE ARTEAGA,FISCAL DE MATERIA ADSCRITO A LA DIVISION CORPORATIVA DE DELITOS PATRIMONIALES
LA PAZ,DR. JUAN MARCELO QUISPE QUISPE,FISCAL DE MATERIA ADSCRITO A LA DIVISION CORPORATIVA DE DELITOS PATRIMONIALES
LA PAZ,DR. RUBEN H. CRUZ HURTADO,JUEZ 1 PUBLICO CIVIL Y COMERCIAL  
LA PAZ,DR. ALBERTO A. GUTIERREZ FERNANDEZ,FISCAL DE MATERIA ADSCRITO A LA DIVISION PATRIMONIALES
LA PAZ,DR. CRISTIAN EDGAR LANZA NOLASCO,FISCAL DE MATERIA ANTICORRUPCION
LA PAZ,DR. NORMAN ESPINOZA CASABLANCA,JUEZ PUBLICO CIVIL Y COMERCIAL 10 DE LA PAZ
LA PAZ,LIC. IVAN ARANCIBIA ZEGARRA,SERVICIO DE IMPUESTOS NACIONALES DISTRITAL LA PAZ I
LA PAZ,LIC. RONALD H. CORTEZ CASTILLO,AUTORIDAD TRIBUTARIA MUNICIPAL
LA PAZ,DR. NESTOR JAVIER BARRIGA BARRIOS,JUEZ 6 PUBLICO CIVIL Y COMERCIAL  DE LA PAZ
LA PAZ,DR. ROGER EMILIO CUAQUIRA SEGALES,FISCAL DE MATERIA
LA PAZ,LIC. RAMON SERVIA OVIEDO,GOBIERNO AUTONOMO MUNICIPAL DE LA PAZ
EL ALTO,DR. DAVID KASA QUISPE,JUEZ TECNICO DE SENTENCIA PENAL 4 
LA PAZ,DR. E. ALEJANDRO CALDERON PAZ,JUEZ 18 PUBLICO CIVIL Y COMERCIAL  DE LA PAZ
LA PAZ,DR. TOMAS E. CONDORI MAMANI,JUEZ PRESIDENTE TRIBUNAL 3 DE SENTENCIA DE LA PAZ
LA PAZ,DR. LUIS MIGUEL CALDERON CHUQUIMIA,JUEZ 1 DE PARTIDO DE TRABAJO Y S.S. DE LA PAZ
LA PAZ,DR. ALFREDO ROJAS LIMACHI,JUEZ 9 PUBLICO CIVIL Y COMERCIAL  
LA PAZ,DR. SANTIAGO NISHIZAWA TAKANO,CAMARA NACIONAL DE COMERCIO 
LA PAZ,DR. CLAUDIO TORREZ FERNANDEZ,PRESIDENTE TRIBUNAL DE SENTENCIA 7 DE LA PAZ
LA PAZ,LIC. RANULFO PRIETO SALINAS,SERVICIO DE IMPUESTOS NACIONALES DISTRITAL LA PAZ II
LA PAZ,DR. PEDRO LEDEZMA SALINAS,JUEZ DE PARTIDO DE TRABAJO Y SEGURIDAD SOCIAL 8 DE LA PAZ
LA PAZ,DR. ANGEL RENE SALAZAR CHOQUE,JUEZ DE SENTENCIA PENAL 9 DE LA PAZ
LA PAZ,DR. CELSO VILLALOBOS TARQUI,JUEZ 11 PUBLICO CIVIL Y COMERCIAL  DE LA PAZ
LA PAZ,DR. JOSE LUIS MAMANI MOYA,JUEZ 21 PUBLICO CIVIL Y COMERCIAL  DE LA PAZ
LA PAZ,DR. ALAN MAURICIO ZARATE HINOJOSA,JUEZ DE INSTRUCCION ANTICORRUPCION Y CONTRA LA VIOLENCIA HACIA LA MUJER 2
LA PAZ,DR. L. GONZALO YEPEZ PORTUGAL,JUEZ DE SENTENCIA 1 EN LO PENAL DE LA PAZ
LA PAZ,DR. OMAR ALCIDES MEJILLONES C.,FISCAL DE MATERIA DE LA FISCALIAIA CORPORATIVA DELITOS PATRIMONIALES
LA PAZ,DR. VICTOR HUGO NICOLAS ALIAGA DURAN,JUEZ 14 PUBLICO CIVIL Y COMERCIAL  DE LA PAZ
LA PAZ,DR. GERMAN A. LOMA M.,FISCAL DE MATERIA
LA PAZ,DRA. VIRGINIA JANETH CRESPO IBANEZ,PRESIDENCIA DE LA SALA PENAL PRIMERA
LA PAZ,DRA. ESTHER MACHACA MALDONADO,JUEZ 3RO. DE TRABAJO Y SEGURIDAD SOCIAL DE LA PAZ
LA PAZ,DRA. MARIA T. CACERES SORIA,JUEZ 4 DE TRABAJO Y SEGURIDAD SOCIAL DE LA PAZ
ORURO,DR. CARLOS ORELLANA QUENTASI,JUEZ 3 DE PARTIDO DE TRABAJO Y SEGURIDAD SOCIAL Y ADMINISTRATIVO COACTIVO FISCALY TRIBUTARIO 
LA PAZ,DRA. CANDIDA PINTO CHACON,JUEZ 21 PUBLICO CIVIL Y COMERCIAL  DE LA PAZ
LA PAZ,DRA. K. ERIKA VALDEZ CUBA,JUEZ 12 PUBLICO CIVIL Y COMERCIAL  DE LA PAZ
LA PAZ,DRA. SANDRA E. CORDON MARTINEZ ,JUEZ PUBLICO DE FAMILIA 12 DE LA PAZ
LA PAZ,DRA. WILMA ROSARIO TANCARA QUISPE,JUEZDE PARTIDO DE TRABAJO Y SEGURIDAD SOCIAL 11
LA PAZ,DRA. CARMEN ROSA TICONA MAMANI,JUEZ 2 DE PARTIDO ADMINISTRATIVO COACTIVO FISCALY TRIBUTARIO  
LA PAZ,DRA. AMPARO MORALES PANOSO,FISCAL DE MATERIA - ECOFIN
EL ALTO,DRA. SANDRA A. CASTILLO SAENZ,JUEZ 5 PUBLICO DE FAMILIA DE EL ALTO
LA PAZ,LIC. CRISTINA ELISA ORTIZ HERRERA,SERVICIO DE IMPUESTOS NACIONALES DISTRITAL LA PAZ 
LA PAZ,DRA. CONSUELO CUELLAR MULLER,JUEZ PUBLICO  CIVIL  Y  COMERCIAL 16 DE LA PAZ
LA PAZ,DRA. YOBANA M. MALLEA MIRANDA,JUEZ PUBLICO CIVIL Y COMERCIAL 28 DE LA PAZ
LA PAZ,DRA. ROSARIO MORENO LOZA,JUEZ 18 PUBLICO CIVIL Y COMERCIAL  DE LA PAZ
LA PAZ,DRA. GINELDA REYNAGA BURGOS ,JUEZ DE PARTIDO ADMINISTRATIVO COACTIVO FISCALY TRIBUTARIO 1 DE LA PAZ
LA PAZ,DRA. J. SUSANA BOYAN TELLEZ,FISCAL DE MATERIA
LA PAZ,DRA. AMELIA J. MUJICA SANTALLA,JUEZ PUBLICO DE FAMILIA 1 DE LA PAZ
LA PAZ,DRA. ELSA SANGUEZA DE QUINTANILLA,JUEZ PUBLICO DE FAMILIA 2 DE LA PAZ
LA PAZ,DRA. LOURDE M. NUNEZ FLORES,JUEZ 2DO. DE TRABAJO Y SEGURIDAD SOCIAL DE LA PAZ
LA PAZ,DRA. JANETH CUELLAR CHAVEZ,JUEZ PUBLICO DE FAMILIA 8 DE LA PAZ
LA PAZ,DRA. LENNY J. ROJAS PANOSO,FISCAL DE MATERIA ADCRITA A LA UNIDAD DE SOLUCION TEMPRANA 
LA PAZ,DRA. MARIA LILIAN VILLALTA MALDONADO,FISCAL DE MATERIA
LA PAZ,DRA. LIDIA NINA NINA,JUEZ DE PARTIDO DEL TRABAJO Y SEGURIDAD SOCIAL 8 DE LA PAZ
LA PAZ,DRA. FRIDA CHOQUE DE CLAROS,FISCAL DE MATERIA
LA PAZ,DRA. ROSARIO V. SANCHEZ SANCHEZ,JUEZ 8 PUBLICO CIVIL Y COMERCIAL  DE LA PAZ
LA PAZ,DRA. ALEIDA B. SANABRIA SORIA,JUEZ 6 DE PARTIDO DEL TRABAJO Y SEGURIDAD SOCIAL DE LA PAZ
LA PAZ,DRA. CAROLINA ENNY TERRAZAS SILES,JUEZ PUBLICO CIVIL Y COMERCIAL 22 DE LA PAZ
LA PAZ,DRA. XIMENA GUTIERREZ GONZALES,JUEZ 20 PUBLICO CIVIL Y COMERCIAL  
LA PAZ,DRA. C. NINOSKA VERA MARQUEZ,JUEZ 15 PUBLICO CIVIL Y COMERCIAL  DE LA PAZ
LA PAZ,DRA. MARIA TERESA LENZ CALDERON ,FISCAL DE MATERIA III ADSCRITA A LA DIVISION ECONOMICO FINANCIEROS DE LA ZONA SUR
LA PAZ,LIC. RITA CLOTILDE MALDONADO HINOJOSA,SERVICIO DE IMPUESTOS NACIONALES DISTRITAL LA PAZ II
LA PAZ,DRA. XIMENA ROSALIA MORALES ARAMAYO,FISCAL DE MATERIA UNIDAD DE FISCALIAIA ESPECIALIZADA PARA VICTIMAS DE ATENCION PRIORITARIA
LA PAZ,DRA. LILIAN CALDERON MARIACA,FISCAL DE MATERIA DE LA DIVISION CONTRA DELITOS ECONOMICO FINANCIEROS
LA PAZ,DRA. NINFA SILLERICO LOPEZ,JUEZ 6TO. DE INSTRUCCION DE FAMILIA DE LA PAZ
LA PAZ,DRA. JENNY ESDENKA QUISPE MUJICA,FISCAL DE MATERIA DE LA DIVISION CORRUPCION PUBLICA MANEJO Y CONTROL DE CRISIS
LA PAZ,DRA. FABIOLA MERCED ALVAREZ APAZA,JUEZ PUBLICO DE FAMILIA 10 DE LA PAZ
LA PAZ,DRA. NANCY FLORES GUZMAN,JUEZ 2 DE SENTENCIA EN LO PENAL DE LA PAZ
LA PAZ,DRA. LETICIA MUNOZ,FISCAL DE MATERIA DE LA DIVISION PROPIEDADES DE LA PAZ
LA PAZ,DRA. JANETT J. AJATA GUTIERREZ,FISCAL DE MATERIA ADSCRITA A LA DIVISION ECONOMICO FINANCIERO CORRUPCION PUBLICA Y OPERACIONES ESPECIALES
LA PAZ,DRA. MIRTHA TORRES ORTIZ C.,FISCAL DE MATERIA ASIGNADA A LA DIVISION ECONOMICO FINANCIERO
LA PAZ,DRA. MAGALI MIRTA GONZALES RIOS,FISCAL DE MATERIA ADSCRITA A LA FISCALIAIA ESPECIALIZADA EN PERSECUCION DE DELITOS DE CORRUPCION F.E.P.D.C.
LA PAZ,DRA. TANIA ALFARO CASTELLON,FISCAL DE MATERIA ASIGNADA A LA FISCALIAIA ESPECIALIZADA PARA VICTIMAS DE ATENCION PRIORITARIA DIVISION MENORES Y FAMILIA
LA PAZ,DRA. MARTHA LUCIA TORRES ORTIZ C.,FISCAL DE MATERIA
LA PAZ,DRA. ELBA GEOVANA SANJINEZ BERNAL,FISCAL DE MATERIA DE LA DIVISION ECONOMICO FINANCIERO CORRUPCION PUBLICA Y OPERACIONES ESPECIALES DE LA ZONA SUR
LA PAZ,DRA. MIREYA ELIANA ESCOBAR HERRERA,JUEZ 10 PUBLICO CIVIL Y COMERCIAL 
LA PAZ,DRA. ROSARIO VENEGAS MIRANDA,FISCAL DE MATERIA 
LA PAZ,DRA. LEONOR RODRIGUEZ Q.,FISCAL DE MATERIA ADSCRITA A LA DIVISION ECONOMICO FINANCIERO
LA PAZ,DRA. SALOME RAMOS LOPEZ,FISCALASIGNADO A LA DIVISION PATRIMONIALES DE LA F.E.L.C.C.
LA PAZ,DRA. LILY M. TARQUINO LOPEZ,JUEZ PUBLICO DE FAMILIA 9 DE LA PAZ
CHUQUISACA,DR. RONALD FERNANDO MONTOYA GONZALES,JUEZ PUBLICO DE FAMILIA 9 DE LA PAZ
LA PAZ,YESENIA W. PEREZ ACEBEY,FISCAL DE MATERIA
TRINIDAD,P. AMPARO GOMEZ CARRASCO,FISCAL DE MATERIA
TRINIDAD,DR. GUILLERMO MANSILLA MENDOZA,JUEZ DE SENTENCIA PENAL 2 DE TRINIDAD
LA PAZ,DRA. NILDA NUNEZ ROQUE ,FISCAL DE MATERIA DE LA FISCALIAIA ESPECIALIZADA EN VICTIMAS DE ATENCION PRIORITARIA F.E.V.A.P. ADSCRITO A LA FUERZA ESPECIAL DE LUCHA CONTRA LA VIOLENCIA DE LA ZONA SUR
LA PAZ,DRA. GEOVANA CENTELLAS RODRIGUEZ,FISCAL DE MATERIA ADSCRITA A LA FISCALIAIA ESPECIALIZADA DE SUSTANCIAS CONTROLADAS Y L.G.I.
LA PAZ,LIC. JESSICA PAOLA SARAVIA ATRISTAIN,AUTORIDAD DE FISCALIZACION DEL JUEGO AJ
LA PAZ,LIC. J. MARIBEL SEA PAZ,SERVICIO DE IMPUESTOS NACIONALES DISTRITAL LA PAZ II
LA PAZ,DRA. LUCIA FUENTES NINA,JUEZ 5 DE SENTENCIA EN LO PENAL DE LA PAZ
LA PAZ,DRA. JUANA ELIZABET ZAMBRANA,FISCAL DE MATERIA ADSCRITO A LA DIVISION ECONOMICOS FINANCIEROS
LA PAZ,DRA. ROSARIO ESTHER CUELLAR MULLER,FISCAL DE MATERIA ADSCRITA A LA UNIDAD ESPECIALIZADA DE EXTRADICIONES COOPERACION PENAL Y RELACIONAMIENTO INTERNACIONAL (UNEECPRI)
LA PAZ,DRA. MARIANA MONTERO QUIROGA,FISCAL DE MATERIA ADSCRITA A LA FISCALIAIA ESPECIALIZADA PARA VICTIMAS DE ATENCION PRIORITARIA
LA PAZ,DRA. LEONOR MENECES MOLINA,FISCAL DE MATERIA ADSCRITA ALA DIVISION ECONOMICO FINANCIERO DE LA FELC-C
LA PAZ,DRA. NILDA ORTIZ ARANCIBIA,JUEZ 2 PUBLICO CIVIL Y COMERCIAL  
LA PAZ,DRA. FANNY I. MARIN MIRANDA,JUEZ 24 PUBLICO CIVIL Y COMERCIAL DE LA PAZ
LA PAZ,DRA. SUSANA E. LEYTON QUIROGA,JUEZ 4 DE SENTENCIA PENAL 
LA PAZ,DR. JAVIER PENARANDA SAIZA,JUEZ DE SENTENCIA PENAL Y PERDIDA DE DOMINIO 1 
LA PAZ,DRA. MIDZI S. MEJIA MORALES,JUEZ PUBLICO DE FAMILIA 2 DE LA PAZ
LA PAZ,DRA. ANA PERALTA MAMANI,JUEZ 1 DE PARTIDO ADMINISTRATIVO COACTIVO FISCALY TRIBUTARIO DE LA PAZ
LA PAZ,DRA. NINOSKA TANIA LOZA FLORES,JUEZ 3 DE PARTIDO ADMINISTRATIVO COACTIVO FISCALY TRIBUTARIO DE LA PAZ
LA PAZ,DRA. JIMENA VELASQUEZ ALBARRACIN,JUEZ TECNICO TRIBUNAL 3 DE SENTENCIA LA PAZ
LA PAZ,DRA. LIZZETH ROSS ROCABADO,JUEZ 3 DE PARTIDO DE TRABAJO Y SEGURIDAD SOCIAL DE LA PAZ
LA PAZ,LIC. DANIELA ALEJANDRA VARGAS SUAREZ,AUTORIDAD DE FISCALIZACION DEL JUEGO AJ
LA PAZ,DRA. GLADYS BACARREZA MORALES,JUEZ 1 DE SENTENCIA ANTICORRUPCION Y VIOLENCIA CONTRA LA MUJER DEL DISTRITO JUDICIAL LA PAZ
LA PAZ,DRA. MERY DELMA TOLEDO MOLLINEDO,JUEZ DE PARTIDO DE TRABAJO Y SEGURIDAD SOCIAL 2 
LA PAZ,DRA. JACQUELINE C. RADA ARANA,PRESIDENCIA DE LA SALA CIVIL 3 DE LA PAZ
LA PAZ,LIC. CELIDETH OCHOA CASTRO,SERVICIO DE IMPUESTOS NACIONALES DISTRITAL LA PAZ I
LA PAZ,DRA. PAMELA ESPEJO CHIPANA ,FISCALADSCRITO A LA FISCALIAIA CORPORATIVA DE DELITOS PATRIMONIALES 
LA PAZ,DRA. PATRICIA E. MENDOZA MURILLO,JUEZ DE SENTENCIA PENAL 4 DE LA PAZ
LA PAZ,Y. TANIA ALFARO CASTELLON,FISCAL DE MATERIA
LA PAZ,LIC. MARIA J. GUZMAN MEDINA,SERVICIO DE IMPUESTOS NACIONALES DISTRITAL LA PAZ II
LA PAZ,DRA. ANTONIETA ROSARIO SAN MARTIN,JUEZ 1RO. DE TRABAJO Y SEGURIDAD SOCIAL DE LA PAZ
LA PAZ,DR. JUAN ADALIT MAMANI QUISPECAHUANA,JUEZ TECNICO DEL TRIBUNAL DE SENTENCIA PENAL 6
LA PAZ,DRA. SILVANA T. CUENTAS PINTO,JUEZ 6 PUBLICO DE FAMILIA
CHUQUISACA,DR. MIGUEL ANGEL BARRIENTOS ROJAS,JUEZ PUBLICO DE FAMILIA 4
LA PAZ,DRA. SILVIA MARIBEL ORTEGA LIMACHI,JUEZ 13 PUBLICO DE FAMILIA
LA PAZ,DR. PAUL ANTONIO SOTO ALCON,JUEZ 5 PUBLICO CIVIL Y COMERCIAL DE LA PAZ
LA PAZ,LIC. JORGE RENE LEDEZMA SALOMON,SERVICIO DE IMPUESTOS NACIONALES DISTRITAL LA PAZ I
LA PAZ,LIC. MARTHA MONICA MARTINIC ARZE,SERVICIO DE IMPUESTOS NACIONALES DISTRITAL LA PAZ II
LA PAZ,LIC. MARCO JAVIER BALDIVIA SAAVEDRA,SERVICIO DE IMPUESTOS NACIONALES DISTRITAL LA PAZ
LA PAZ,DR. DOUGLAS MIGUEL ANGEL MONTECINOS CONDORI,JUEZ 7 PUBLICO CIVIL Y COMERCIAL DE LA PAZ
LA PAZ,DR. LUIS GUALBERTO FERNANDEZ RAMOS,JUEZ 8 PUBLICO CIVIL Y COMERCIAL
LA PAZ,NELSON FABRICIO DE LA FUENTE SERRANO,AUTORIDAD DE FISCALIZACION DEL JUEGO AJ
LA PAZ,JORGE JUAN DE DIOS TAPIA FERNANDEZ,AUTORIDAD DE FISCALIZACION DEL JUEGO AJ
LA PAZ,JHONNY DANIEL PLATA ARISPE,SERVICIO DE IMPUESTOS NACIONALES DISTRITAL LA PAZ
LA PAZ,LIC. NOEMI MIRIAM LASTRA VIA,GOBIERNO AUTONOMO MUNICIPAL DE LA PAZ
EL ALTO,ANTONIO CLAUDIO MARTINEZ VILLA,ADUANA NACIONAL DE BOLIVIA REGIONAL LA PAZ
PUERTO SUAREZ,DR. OSCAR ARROYO ROJAS,JUEZ PUBLICO MIXTO CIVIL Y COMERCIAL Y FAMILIA 1 DE PUERTO SUAREZ
PUERTO SUAREZ,DR. NESTOR GONZALO TORREZ ZUAZO,JUEZ PUBLICO MIXTO CIVIL COMERCIAL DE PARTIDO DEL TRABAJO Y SEGURIDAD SOCIAL 1
PUERTO SUAREZ,DR. GABRIEL PEREIRA RODRIGUEZ,JUEZ DE PARTIDO MIXTO Y DE SENTENCIA DE PUERTO SUAREZ - SANTA CRUZ
PUNATA,DR. WALTER ANDRES CUELLAR ROMERO,JUEZ PUBLICO MIXTO CIVIL COMERCIAL DE LA NINEZ ADOLESCENCIA Y SENTENCIA PENAL 2 DE PUNATA
PUNATA,DR. WILFORD GARVIZU MONTANO,JUEZ PUBLICO MIXTO CIVIL COMERCIAL DELA NINEZ Y ADOLESCENCIA PENAL 1
QUILLACOLLO,DR. JUAN CHAVEZ ROJAS,JUEZ 2DO. DE PARTIDO CIVIL Y COMERCIAL DE QUILLACOLLO 
QUILLACOLLO,DR. RUBEN MALDONADO ROJAS,JUEZ 3 PUBLICO CIVIL Y COMERCIAL  DE QUILLACOLLO
QUILLACOLLO,LIC. JUAN CARLOS MARISCAL DURAN,SERVICIO DE IMPUESTOS NACIONALES DISTRITAL QUILLACOLLO
QUILLACOLLO,DR. PORFIRIO ALBA ALBA,JUEZ 2 DE PARTIDO DE FAMILIA NINEZ Y ADOLESCENCIA DE QUILLACOLLO
QUILLACOLLO,DRA. DELINA IRMA ZURITA HERBAS,JUEZ 1 PUBLICO CIVIL Y COMERCIAL  DE QUILLACOLLO
QUILLACOLLO,DR. SAMUEL VARGAS SILES,FISCAL DE MATERIA
QUILLACOLLO,LIC. MANUEL RODRIGUEZ MARTINEZ,SERVICIO DE IMPUESTOS NACIONALES DISTRITAL QUILLACOLLO
QUILLACOLLO,LIC. GEYDY GRANDON GONZALES,SERVICIO DE IMPUESTOS NACIONALES DISTRITAL QUILLACOLLO
QUILLACOLLO,DR. RONALD PATON CHUQUIMIA,JUEZ 1 PUBLICO CIVIL Y COMERCIAL 
QUILLACOLLO,DRA. MARIA ELENA VEGA ALANES,JUEZ PUBLICO DE FAMILIA 1 DE QUILLACOLLO
QUILLACOLLO,DRA. ANGELICA SCARLETT GALLEGOS ARTEAGA,JUEZ 4 PUBLICO CIVIL Y COMERCIAL  DE QUILLACOLLO
QUILLACOLLO,DRA. MERCEDEZ HUANCA LOPEZ,JUEZ 6 PUBLICO CIVIL Y COMERCIAL  DE QUILLACOLLO
QUILLACOLLO,DRA. SILVIA CLARA ZURITA AGUILAR,JUEZ PUBLICO DE FAMILIA 1 DE QUILLACOLLO
QUILLACOLLO,DRA. N. KAREN CHUQUIMIA RAYMUNDEAU,JUEZ 2 PUBLICO CIVIL Y COMERCIAL  DE QUILLACOLLO
QUILLACOLLO,DRA. MARTHA E. COCA REVOLLO,JUEZ DE PARTIDO DE TRABAJO Y SEGURIDAD SOCIAL 1
QUILLACOLLO,DRA. OLMA LILIAN ROJAS CASTRO,JUEZ 2 PUBLICO DE FAMILIA 
QUILLACOLLO,DR. FERNANDO VILLARROEL GUZMAN,PRESIDENCIA DEL TRIBUNAL DE SENTENCIA PENAL 1
REYES,DRA. CLAUDIA T. BASCOPE CHAVEZ,JUEZ DE INSTRUCCION MIXTO LIQUIDADOR Y CAUTELAR DE REYES
RIBERALTA,DR. OSCAR WILLIAM SOTOMAYOR SALVATIERRA,JUEZ PUBLICO CIVIL COMERCIAL Y DE FAMILIA 3 DE RIBERALTA
RIBERALTA,DR. JUAN WALTER RIMBA ALVIS,JUEZ PUBLICO CIVIL COMERCIAL Y FAMILIA 1
RIBERALTA,DR. RICARDO ILLANES SAAVEDRA,JUEZ PUBLICO CIVIL Y COMERCIAL Y FAMILIA 2 DE RIBERALTA
RIBERALTA,DR. RENE TORREZ AGUILAR,JUEZ PUBLICO DE LA NINEZ Y ADOLESCENCIA Y DE PARTIDO DE TRABAJO Y SEGURIDAD SOCIAL 1
RIBERALTA,DR. BORIS PACHECO BARRIOS,JUEZ 4 PUBLICO CIVIL COMERCIAL Y FAMILIA
RURRENABAQUE,DR. EDWIN PALLETE HUARACHI,JUEZ PUBLICO MIXTO CIVIL Y COMERCIAL DE FAMILIA NINEZ Y ADOLESCENCIA TRABAJO Y SEGURIDAD SOCIAL E INSTRUCCION PENAL 1
RURRENABAQUE,DR. CESAR LUCIANO UGARTECHE VIDAL,JUEZ PUBLICO MIXTO CIVIL Y COMERCIAL DE FAMILIA NINEZ Y ADOLESCENCIA TRABAJO Y SEGURIDAD SOCIAL E INSTRUCCION PENAL 1
RURRENABAQUE,DR. RAUL ZARATE CONDORI,JUEZ PUBLICO MIXTO CIVIL Y COMERCIAL FAMILIA NINEZ ADOLESCENCIA TRABAJO Y S.S. E INSTRUCCION PENAL 1
SACABA,DR. G. LUIS MUNOZ SINGURI,JUEZ 1 PUBLICO CIVIL Y COMERCIAL  DE SACABA
SACABA,LIC. WILDER CRESPO SAAVEDRA,GOBIERNO AUTONOMO MUNICIPAL DE SACABA
COLCAPIRHUA,LIC. MARISOL CRUZ GONZALES,GOBIERNO AUTONOMO MUNICIPAL DE COCHABAMBA
SACABA,LIC. GUALBERTO CHAVEZ MAMANI,GOBIERNO AUTONOMO MUNICIPAL DE SACABA
COCHABAMBA,DRA. EVANGELINA CONDORI VALENCIA,TRIBUNAL DEPARTAMENTAL DE JUSTICIA
SACABA,DRA. LASTENIA QUIROGA LOPEZ,JUEZ 4 PUBLICO CIVIL Y COMERCIAL DE SACABA 
SACABA,DRA. JACQUELINE ARACELY BERNAL MARTINEZ,JUEZ 1 PUBLICO CIVIL Y COMERCIAL  DE SACABA
SACABA,DRA. JANNETT COSSIO SILES,JUES DE PARTIDO MIXTO DE SENTENCIA Y DEL TRABAJO Y SEGURIDAD SOCIAL 1 DE SACABA
SACABA,DRA. MILENKA VERONICA BUTRON VERASTEGUI,JUEZ PUBLICO MIXTO DE FAMILIA NINEZ Y ADOLESCENCIA 3
SAIPINA,DR. BERGMAN ROJAS MALDONADO,JUEZ PUBLICO MIXTO CIVIL Y COMERCIAL FAMILIA NINEZ Y ADOLESCENCIA E INSTRUCCION PENAL 1  DE SAIPINA 
SAN BORJA,DR. GUIDO WILSON INTERAS TORRICO,JUEZ PUBLICO MIXTO CIVIL Y COMERCIAL FAMILIA NINEZ Y ADOLESCENCIA E INSTRUCCION PENAL DE SAN BORJA
SAN BORJA,DR. NERY O. ZABALA CABRERA,JUEZ DE INSTRUCCION MIXTO Y CAUTELAR 2 DE SAN BORJA
SAN BORJA,DRA. JACKELINE RUIZ SUAREZ,JUEZ AGROAMBIENTAL DE SAN BORJA
SAN BORJA,DRA. MERY LUZ DENIZ SUAREZ,JUEZ 1 PUBLICO CIVIL Y COMERCIAL  DE SAN BORJA
SAN BORJA,DR. JUAN VICENTE HURTADO CABRERA,JUEZ 1 PUBLICO CIVIL Y COMERCIAL  DE SAN BORJA
SAN IGNACIO DE MOXOS,DR. JUAN ERNESTO MUNOZ ORTEGA,JUEZ PUBLICO MIXTO CIVIL Y COMERCIAL DE FAMILIA NINEZ Y ADOLESCENCIA DEL TRABAJO Y S.S. E INSTRUCCION PENAL 1
SAN IGNACIO DE VELASCO,DR. ISMAEL BURGOS OLMOS,JUEZ DE INSTRUCCION MIXTA DE SAN IGNACIO DE VELASCO 
SAN IGNACIO DE VELASCO,DR. DIEGO ARISTOTELES RODRIGUEZ ROMERO,JUEZ PUBLICO CIVIL Y COMERCIAL DE PARTIDO DE TRABAJO S. S. Y SENTENCIA PENAL 1
SAN JOSE,DR. JOSE TORRICO GARVIZU,JUEZ PUBLICO MIXTO DE FAMILIA NINEZ Y ADOLESCENCIA PARTIDO DEL TRABAJO Y S.S. Y SENTENCIA PENAL 1
SAN JULIAN,DR. RICARDO ZEGARRA COCA,JUEZ PUBLICO CIVIL Y COMERCIAL DE FAMILIA E INSTRUCCION PENAL 1 DE SAN JULIAN 
SAN LORENZO,DRA. TERESA JESUS TORREZ TORREZ,JUEZ PUBLICO MIXTO CIVIL COMERCIAL NINEZ Y ADOLESCENCIA E INSTRUCCION PENAL 1
SANTA CRUZ,DR. ALBERTO ZEBALLOS AGUILERA,JUEZ 10 PUBLICO CIVIL Y COMERCIAL DE SANTA CRUZ
SANTA CRUZ,DR. JULIO GERARDO ROSADO ROJAS,JUEZ 10 PUBLICO CIVIL Y COMERCIAL DE SANTA CRUZ
SANTA CRUZ,DRA. FATIMA N. RIVERA FERNANDEZ,JUEZ 12 PUBLICO CIVIL Y COMERCIAL  DE SANTA CRUZ
MONTERO,LIC. LIDER RIVERA ROSADO,SERVICIO DE IMPUESTOS NACIONALES DISTRITAL MONTERO
SANTA CRUZ,DR. FABIANO CRISTIAM CHUI TORREZ,JUEZ 1 PUBLICO CIVIL Y COMERCIAL 
SANTA CRUZ,DR. ANDRES SANTIESTEBAN TORRES,JUEZ PUBLICO  CIVIL  Y  COMERCIAL 11 DE SANTA CRUZ
SANTA CRUZ,DR. JUAN GONZALES NOYA,JUEZ PUBLICO  CIVIL  Y  COMERCIAL 2 DE SANTA CRUZ
SANTA CRUZ,DR. WEIMAR ARTURO PADILLA CORTEZ ,JUEZ 5 PUBLICO CIVIL Y COMERCIAL  DE SANTA CRUZ
SANTA CRUZ,DR. HERMAN MENDOZA IRIARTE,JUEZ PUBLICO CIVIL Y COMERCIAL 25 DE SANTA CRUZ
SANTA CRUZ,DR. EDDY ALEXANDER GALARZA CABRERA,JUEZ PUBLICO DE FAMILIA 1 DE SANTA CRUZ
POTOSI,DR. YASIR F. CORTES TERAN,JUEZ PUBLICO DE FAMILIA 3 DE POTOSI
SANTA CRUZ,DR. RAMIRO FRANS TITICHOCA CALIZAYA,JUEZ DE PARTIDO DEL TRABAJO Y SEGURIDAD SOCIAL 7 
SANTA CRUZ,DR. JHONNY ESCOBAR LLANOS,JUEZ 6 DE PARTIDO DEL TRABAJO Y SEGURIDAD SOCIAL DE SANTA CRUZ
SANTA CRUZ,DR. MARCELO BARRIENTOS DIAZ,JUEZ 4TO. DE PARTIDO DE FAMILIA DE SANTA CRUZ
SANTA CRUZ,DR. WILLIAMS GERARDO ESCALANTE CABRERA,JUEZ 16 PUBLICO CIVIL Y COMERCIAL  DE SANTA CRUZ
SANTA CRUZ,DR. SEVERO HURTADO RIBERA,JUEZ 2 DE PARTIDO DEL TRABAJO Y SEGURIDAD SOCIAL DE SANTA CRUZ
EL TORNO,DR. JAIME ARAUZ RUIZ,JUEZ 1 PUBLICO MIXTO CIVIL Y COMERCIAL FAMILIA NINEZ Y ADOLESCENCIA E INSTRUCCION PENAL DE EL TORNO
SANTA CRUZ,DR. FELIX ESTRADA ESPINOZA,JUEZ 19 PUBLICO CIVIL Y COMERCIAL  DE SANTA CRUZ
SANTA CRUZ,LIC. WILLAN ELVIO CASTILLO MORALES,ADUANA NACIONAL DE BOLIVIA REGIONAL SANTA CRUZ
SANTA CRUZ,DR. OSCAR JESUS MENACHO ANGELERI,JUEZ 1 PUBLICO CIVIL Y COMERCIAL  DE SANTA CRUZ
SANTA CRUZ,DR. DAVID RICARDO CAICEDO BALCAZAR,JUEZ PUBLICO CIVIL Y COMERCIAL 22 DE SANTA CRUZ
SANTA CRUZ,DR. ALBERTO GUZMAN MENDEZ,JUEZ 7 PUBLICO CIVIL Y COMERCIAL  DE SANTA CRUZ
SANTA CRUZ,DR. DAVID ROSALES RIVERO,JUEZ PUBLICO CIVIL Y COMERCIAL 24 DE SANTA CRUZ
SANTA CRUZ,DR. ALBERTO CAYETANO BORDA SEGERER ,JUEZ 13 PUBLICO CIVIL Y COMERCIAL  DE SANTA CRUZ
SANTA CRUZ,DR. RICHARD VARGAS VACA,JUEZ 5 DE PARTIDO DEL TRABAJO Y SEGURIDAD SOCIAL DE SANTA CRUZ
SANTA CRUZ,DR. DIEGO RAMIREZ CRUZ,JUEZ 2DO. ADMINISTRATIVO TRIBUTARIO Y COACTIVO DE SANTA CRUZ
SANTA CRUZ,LIC. BERNARDO GUMUCIO BASCOPE,SERVICIO DE IMPUESTOS NACIONALES DISTRITAL SANTA CRUZ
SANTA CRUZ,LIC. WILSON JOSE ENCINAS VIDAL,SERVICIO DE IMPUESTOS NACIONALES DISTRITAL SANTA CRUZ
SANTA CRUZ,DR. OSCAR MENACHO AUGELEN,JUEZ 1RO. DE PARTIDO CIVIL DE SANTA CRUZ
SANTA CRUZ,DR. JUAN SAUCEDO VELASCO ,JUEZ 3RO. DEL TRABAJO Y SEGURIDAD SOCIAL DE SANTA CRUZ
SANTA CRUZ,LIC. JESUS SALVADOR VARGAS CRUZ,ADUANA NACIONAL DE BOLIVIA REGIONAL SANTA CRUZ
SANTA CRUZ,LIC. ANGEL JOAQUIN CRAPUZZI C.,GOBIERNO AUTONOMO MUNICIPAL DE SANTA CRUZ DE LA SIERRA
SANTA CRUZ,DR. MANUEL JESUS CHUQUIMIA ZEBALLOS,JUEZ 9 PUBLICO CIVIL Y COMERCIAL  DE SANTA CRUZ
SANTA CRUZ,DR. MISAEL SEVERICHE SARAVIA,JUEZ 5 DE SENTENCIA EN LO PENAL DE SANTA CRUZ
SANTA CRUZ,DR. JUAN JOSE SUBIETA CLAROS,JUEZ DE INSTRUCCION CAUTELAR EN LO PENAL 6
SANTA CRUZ,LIC. MARCELO DAVID DIAZ MEAVE  ,SERVICIO DE IMPUESTOS NACIONALES DISTRITAL SANTA CRUZ
SANTA CRUZ,LIC. EDUARDO MAURICIO GARCES CACERES  ,SERVICIO DE IMPUESTOS NACIONALES DISTRITAL SANTA CRUZ
SANTA CRUZ,DR. ALBERTO CAYETANO BORDA SEGERER,JUEZ 13 PUBLICO CIVIL Y COMERCIAL  DE SANTA CRUZ
SANTA CRUZ,DR. CARLOS MARTIN CAMACHO CHAVEZ,JUEZ 3 DE INSTRUCCION CAUTELAR EN LO PENAL DE SANTA CRUZ
SANTA CRUZ,DR. RENZO ESTEVEZ SALDANA,FISCAL DE MATERIA
SANTA CRUZ,ROCIO SOLARES PALMA,JUEZ 30 PUBLICO CIVIL Y COMERCIAL DE SANTA CRUZ
SANTA CRUZ,DR. ALEJANDRO SAUCEDO IRIARTE,GOBIERNO AUTONOMO MUNICIPAL DE SANTA CRUZ DE LA SIERRA
SANTA CRUZ,LIC. OSCAR JALDIN MORON,AUTORIDAD DE FISCALIZACION DEL JUEGO AJ
SANTA CRUZ,DR. MARCELO EDUARDO BARRIENTOS DIAZ,JUEZ PUBLICO DE FAMILIA 4 DE SANTA CRUZ
SANTA CRUZ,DR. JOSE FERNANDO RIOJA NUNEZ,FISCAL DE MATERIA
SANTA CRUZ,LIC. CARLOS EUFRONIO CAMACHO VEGA,SERVICIO DE IMPUESTOS NACIONALES DISTRITAL SANTA CRUZ
LA PAZ,DR. JAVIER PABLO MAMANI ZARATE,JUEZ 1 DE SENTENCIA PENAL Y CONTRA LA VIOLENCIA HACIA LA MUJER
SANTA CRUZ,DR. ANGEL LIMPIAS EGUEZ,JUEZ PUBLICO CIVIL Y COMERCIAL 23 DE SANTA CRUZ
SANTA CRUZ,DR. REMBERTO BASOALTO BECERRA,JUEZ 4 DE PARTIDO DE TRABAJO Y SEGURIDAD SOCIAL DE SANTA CRUZ
SANTA CRUZ,DR. WALTER VELEZ ANEZ,JUEZ PUBLICO DE FAMILIA 6 DE SANTA CRUZ
SANTA CRUZ,DR. ROBERTO RAUL ARIAS SEJAS,JUEZ DE INSTRUCCION PENAL 9 DE SANTA CRUZ
SANTA CRUZ,DR. SAUL SALDANA SECOS,JUEZ DE SENTENCIA Y PARTIDO PENAL LIQUIDADOR 7 DE SANTA CRUZ
SANTA CRUZ,DR. WALTER PEREZ LORA,JUEZ DE SENTENCIA PENAL 3 DE SANTA CRUZ
SANTA CRUZ,DR. CALIXTO RODRIGUEZ ZURITA,JUEZ PUBLICO DE FAMILIA 10
SANTA CRUZ,DR. FREDDY CESPEDES SOLIZ,JUEZ PUBLICO CIVIL Y COMERCIAL 27 DE SANTA CRUZ
SANTA CRUZ,LIC. JEAN PAOLO GARCIA CLAVIJO,SERVICIO DE IMPUESTOS NACIONALES DISTRITAL SANTA CRUZ
SANTA CRUZ,LIC. CARLOS EUFRONIO CAMACHO VEGA,SERVICIO DE IMPUESTOS NACIONALES DISTRITAL SANTA CRUZ
SANTA CRUZ,DR. AGAPITO QUIROGA PADILLA,JUEZ PUBLICO DE FAMILIA 16
SANTA CRUZ,DRA. MERLIN ZENTENO GONZALES,JUEZ 6 PUBLICO CIVIL Y COMERCIAL  DE SANTA CRUZ
SANTA CRUZ,DRA. MARY JOVITA ALVIS GUZMAN,JUEZ PUBLICO CIVIL Y COMERCIAL 23DE SANTA CRUZ
SANTA CRUZ,DRA. NELLY R. SANCHEZ JUSTINIANO,JUEZ 1 DE PARTIDO DEL TRABAJO Y SEGURIDAD SOCIAL DE SANTA CRUZ
SANTA CRUZ,DRA. JEANNINE FERNANDEZ MELGAR,JUEZ 9 PUBLICO CIVIL Y COMERCIAL DE SANTA CRUZ
SANTA CRUZ,DRA. MARIANELA SEVERICHE DAZA,JUEZ 4 PUBLICO CIVIL Y COMERCIAL DE SANTA CRUZ
SANTA CRUZ,DRA. JACQUELIN PENA SARABIA,JUEZ 15 PUBLICO CIVIL Y COMERCIAL DE SANTA CRUZ 
SANTA CRUZ,DRA. SONIA JUDITH RIVAS ROJAS,JUEZ 8 DE PARTIDO DEL TRABAJO Y SEGURIDAD SOCIAL DE SANTA CRUZ
SANTA CRUZ,DRA. CINTYA SALGUERO ANEZ,JUEZ DE PARTIDO DEL TRABAJO Y SEGURIDAD SOCIAL 4 DE SANTA CRUZ
SANTA CRUZ,DRA. MARIA DEL ROSARIO EGUEZ MOLINA,JUEZ DE PARTIDO ADMINISTRATIVO COACTIVO FISCALTRIBUTARIO 1 DE SANTA CRUZ
SANTA CRUZ,DRA. CONSUELO ROSARIO SARAVIA RODRIGUEZ,JUEZ 18 PUBLICO CIVIL Y COMERCIAL  DE SANTA CRUZ
SANTA CRUZ,DRA. NELLY VEGA BARRIGA,JUEZ PUBLICO CIVIL Y COMERCIAL 29 DE SANTA CRUZ
SANTA CRUZ,DRA. ELSA DIGNA PADILLA BALCAZAR,JUEZ PUBLICO CIVIL Y COMERCIAL 28 DE SANTA CRUZ
SANTA CRUZ,DRA. MARGARITA ARTEGA LEON,JUEZ 21 PUBLICO CIVIL Y COMERCIAL  DE SANTA CRUZ
SANTA CRUZ,DRA. PATRICIA ROSARIO ALANDIA CESPEDES,JUEZ 20 PUBLICO CIVIL Y COMERCIAL  DE SANTA CRUZ
SANTA CRUZ,DRA. GABRIELA MELFI SAUCEDO CHAVEZ,JUEZ 26  PUBLICO CIVIL Y COMERCIAL DE SANTA CRUZ
SANTA CRUZ,DRA. MARGARITA ARTEAGA LEON,JUEZ 21 PUBLICO CIVIL Y COMERCIAL  DE SANTA CRUZ
SANTA CRUZ,DRA. VERONICA VASQUEZ SALVATIERRA,JUEZ 17 PUBLICO CIVIL Y COMERCIAL  DE SANTA CRUZ
SANTA CRUZ,DRA. IRMA VILLAVICENCIO SUAREZ,JUEZ 8 PUBLICO CIVIL Y COMERCIAL  DE SANTA CRUZ
SANTA CRUZ,DRA. ANGELICA PANIAGUA YEPEZ,JUEZ 3RO. DE PARTIDO DE FAMILIA DE SANTA CRUZ
SANTA CRUZ,DRA. ISIDORA JIMENEZ CASTRO,JUEZ PUBLICO CIVIL Y COMERCIAL 27 DE SANTA CRUZ
SANTA CRUZ,DRA. PAOLA JIMENA MUNOZ POVEDA,JUEZ 14 PUBLICO CIVIL Y COMERCIAL  DE SANTA CRUZ
SANTA CRUZ,DRA. GIOVANNA J. RIVAS ROJAS,FISCAL DE MATERIA ESPECIALIZA PARA VICTIMAS DE ATENCION PRIORITARIA DEL PLAN TRES MIL
SANTA CRUZ,DRA. DEYSI MARCELA SANDOVAL RAMOS,JUEZ 3 PUBLICO CIVIL Y COMERCIAL  DE SANTA CRUZ
POTOSI,DRA. HELEN J. FLORES ZAMBRANA,FISCAL DE MATERIA
SANTA CRUZ,DRA. DAYANA VACA SUAREZ,JUEZ PUBLICO DE FAMILIA 15 DE SANTA CRUZ
SANTA CRUZ,LIC. NACIRA GARCIA AYALA,SERVICIO DE IMPUESTOS NACIONALES DISTRITAL SANTA CRUZ II
SANTA CRUZ,DRA. CARMEN RAQUEL RUIZ PIZARRO,JUEZ PUBLICO DE FAMILIA 7 DE SANTA CRUZ
SANTA CRUZ,DRA. BELLA ROSA BALDELOMAR DE VALVERDE,JUEZ PUBLIO DE FAMILIA 12 DE SANTA CRUZ
SANTA CRUZ,DRA. ANA GLORIA ROJAS FLORES,JUEZ 10 DE INSTRUCCION CAUTELAR DE SANTA CRUZ
SANTA CRUZ,LIC. ASUNTA ARTEAGA MENACHO,AUTORIDAD DE FISCALIZACION DEL JUEGO AJ
SANTA CRUZ,DRA. MERCY MARCELA BEJARANO FRIAS,JUEZ 8 PUBLICO CIVIL Y COMERCIAL DE SANTA CRUZ 
SANTA CRUZ,DRA. CYNTHIA BANEGAS JALIL,JUEZ PUBLICO DE FAMILIA 14 DE SANTA CRUZ
SANTA CRUZ,DRA. JANETH ONTIVEROS ALVARADO,JUEZ DE PARTIDO DE TRABAJO Y SEGURIDAD SOCIAL 3 DE SANTA CRUZ
SANTA CRUZ,DRA. CLAUDIA J. MENDEZ DURAN,JUEZ 3 PUBLICO CIVIL Y COMERCIAL  DE SANTA CRUZ
SANTA CRUZ,DRA. ALICIA CEREZO SARABIA,JUEZ 2 PUBLICO CIVIL Y COMERCIAL  DE SANTA CRUZ
SANTA CRUZ,DRA. CLAUDIA FABIOLA PARDO CHAVARRIA,JUEZ DE SENTENCIA PENAL 7 DE SANTA CRUZ
SANTA CRUZ,DR. JAKELYN FARELI ANEZ,JUEZ DE SENTENCIA PENAL 10 DE SANTA CRUZ
CAMIRI,DR. JOSE MANCILLA ANAJIA,JUEZ DE SENTENCIA PENAL 1 DE SANTA CRUZ
SANTA CRUZ,DRA. MARIELA AMPARO GUTIERREZ VASQUEZ,JUEZ 9 DE PARTIDO DE TRABAJO Y SEGURIDAD SOCIAL DE SANTA CRUZ
SANTA CRUZ,DRA. DANNY ELIZABETH MORON MENDEZ,JUEZ PUBLICO DE FAMILIA 11 DE SANTA CRUZ
SANTA CRUZ,DRA. PATRICIA I. MENDEZ DURAN,JUEZ 3 DE PARTIDO DE TRABAJO Y SEGURIDAD SOCIAL
SANTA CRUZ,ABOG. LIVIA S. ALARCON ARANDA,JUEZ DE INTRUCCION EN LO PENAL 13
SANTA CRUZ,DRA. CAROLINA MONTANO MARTINEZ,SERVICIO DE IMPUESTOS NACIONALES DISTRITAL SANTA CRUZ II
SANTA CRUZ,DRA. MARIA JACKELINE SORIANO RIVERO,JUEZ 12 DE PARTIDO DE TRABAJO Y SEGURIDAD SOCIAL 
SANTA CRUZ,DRA. CARLA LORENA ANEZ MENDEZ,JUEZ 2 DE INSTRUCCION PENAL Y CONTRA LA VIOLENCIA A LA MUJER
SANTA CRUZ,DRA. JENNY MAGALY IQUISE,JUEZ 13 PUBLICO DE FAMILIA
SANTA CRUZ,DRA. MARY CALDERON COCA,JUEZ 2 DE PARTIDO DE TRABAJO Y SEGURIDAD SOCIAL
SANTA CRUZ,DRA. ANGELA PATRICIA HIRA RAMIREZ,JUEZ 11 PUBLICO CIVIL Y COMERCIAL DE SANTA CRUZ
SANTA CRUZ,DR. GRECO H. DE LA CRUZ TORREZ,JUEZ 11 DE PARTIDO DE TRABAJO Y SEGURIDAD SOCIAL
SANTA CRUZ,LIC. EDWIN DARLENG MENACHO CALLAU,SERVICIO DE IMPUESTOS NACIONALES DISTRITAL SANTA CRUZ
SANTA CRUZ,LIC. GONZALO ANTONIO CAMPERO AMPUERO,SERVICIO DE IMPUESTOS NACIONALES DISTRITAL SANTA CRUZ II
SANTA CRUZ,DR. JHONNY ARGUEDAS ARANCIBIA,JUEZ 8 PUBLICO DE FAMILIA
SANTA CRUZ,LIC. CARLOS GONZALO SUAREZ VIRREIRA,SERVICIO DE IMPUESTOS NACIONALES DISTRITAL SANTA CRUZ
SANTA CRUZ,LIC. ROBERTO CARLOS CUELLAR ALDERETE,ADUANA NACIONAL DE BOLIVIA REGIONAL SANTA CRUZ
SANTA CRUZ,DRA. CARMEN ROSARIO ESPECHI HURTADO,JUEZ DE PARTIDO DEL TRABAJO Y SEGURIDAD SOCIAL 10
SANTA CRUZ,DR. BARLY DURAN MONTERO,JUEZ 5 PUBLICO CIVIL Y COMERCIAL DE SANTA CRUZ
SANTA CRUZ,DRA. MARIA REINA DURAN ACHAVAL,JUEZ 9 PUBLICO DE FAMILIA
SANTA CRUZ,ERNESTO PEINADO ANEZ,ADUANA NACIONAL DE BOLIVIA REGIONAL SANTA CRUZ
SANTA CRUZ,DRA. CORALI S. R. CUELLAR RODRIGUEZ,JUEZ 5 PUBLICO DE FAMILIA 
SANTA CRUZ,JORGE JESUS FLORES DURAN,SERVICIO DE IMPUESTOS NACIONALES DISTRITAL SANTA CRUZ I
SANTA CRUZ,ROMINA LENA PEREZ ARIAS,ADUANA NACIONAL DE BOLIVIA REGIONAL SANTA CRUZ
SANTA CRUZ,ANTONIO YADER TORRICO ZENTENO,AUTORIDAD DE FISCALIZACION DEL JUEGO AJ
SANTA CRUZ,CARLOS RIVERO ACOSTA,SERVICIO DE IMPUESTOS NACIONALES DISTRITAL SANTA CRUZ II
SANTA CRUZ,DRA. MARIA REINA DURAN ACHAVAL,JUEZ 9 PUBLICO DE FAMILIA DE SANTA CRUZ
SANTA CRUZ,SUSANA ESCARLET RIOS BARRAGAN,ADUANA NACIONAL DE BOLIVIA REGIONAL SANTA CRUZ
SANTA CRUZ,VICTOR RENE CAMACHO RODRIGUEZ,ADUANA NACIONAL DE BOLIVIA REGIONAL SANTA CRUZ
SAPAHAQUI,DRA. RITA IRMA FERNANDEZ QUILO,JUEZ PUBLICO MIXTO CIVIL Y COMERCIAL DE FAMILIA NINEZ Y ADOLESCENCIA DE PARTIDO DEL TRABAJO Y S.S. E INSTRUCCION PENAL 1
ORURO,DR. WILLIAM KENNY FLORES YAPU,JUEZ PUBLICO MIXTO CIVIL Y COMERCIAL DE FAMILIA NINEZ Y ADOLESCENCIA DE PARTIDO DEL TRABAJO Y S.S. E INSTRUCCION PENAL 1
ORURO,DR. C. OSWALDO TOCO QUINO,JUEZ PUBLICO DE FAMILIA 9
SHINAOTA,DRA. PAOLA I. ANGULO CAMPOVERDE,JUEZ PUBLICO MIXTO CIVIL Y COMERCIAL DE FAMILIA DE LA NINEZ Y ADOLESCENCIA E INSTRUCCION PENAL 1
SICA SICA,DR. JOSE ANTONIO ALIAGA BRACAMONTE,JUEZ PUBLICO MIXTO CIVIL COMERCIAL Y FAMILIA 1
SIPE SIPE,DR. OMAR BLANCO FUENTES,JUEZ DE INSTRUCCION MIXTO LIQUIDADOR Y CAUTELAR DE SIPE SIPE
SIPE SIPE,DRA. CARLA A. ANTEQUERA ROCHA,JUEZ PUBLICO MIXTO CIVIL Y COMERCIAL DE FAMILIA E INSTRUCCION PENAL 1 DE SIPE SIPE
SOPACHUY,DR. RODOLFO CALIZAYA RAMIREZ,JUEZ PUBLICO MIXTO CIVIL Y COMERCIAL DE FAMILIA NINEZ ADOLESCENCIA E INSTRUCCION PENAL 1
CHUQUISACA,DRA. BERTHA FABIOLA RIOS RODAS,JUEZ PUBLICO DE FAMILIA 5 
CHUQUISACA,DR. WILLY VALDA CUELLAR,JUEZ 2 DE PARTIDO DEL TRABAJO SEGURIDAD SOCIAL ADMINISTRATIVO COACTIVO FISCALY TRIBUTARIO DE SUCRE
CHUQUISACA,DR. FRANZ SEGOVIA GARCIA,JUEZ TECNICO DE INSTRUCCION ANTICORRUPCION Y CONTRA LA VIOLENCIA HACIA LA MUJER
CHUQUISACA,DR. FREDDY PANOSO GALARZA,JUEZ 8 PUBLICO CIVIL Y COMERCIAL DE SUCRE
CHUQUISACA,LIC. GROVER CASTELO MIRANDA,SERVICIO DE IMPUESTOS NACIONALES DISTRITAL CHUQUISACA
CHUQUISACA,DR. ANGEL EDSON DAVALOS ROJAS,JUEZ 4 PUBLICO CIVIL Y COMERCIAL  DE SUCRE
CHUQUISACA,DR. FARID NASSAR DONOSO,JUEZ 2DO. DE PARTIDO MIXTO LIQUIDADOR Y DE SENTENCIA DE SUCRE
CHUQUISACA,LIC. JUAN BATALLANOS SANTOS ,GOBIERNO AUTONOMO MUNICIPAL DE SUCRE
CHUQUISACA,DR. B. FAVIO POQUECHOQUE BUEZO,JUEZ 9 PUBLICO CIVIL Y COMERCIAL  DE SUCRE
CHUQUISACA,DR. CARLOS QUISPE PEREZ,JUEZ PUBLICO  CIVIL  Y  COMERCIAL 11 DE SUCRE
CHUQUISACA,DR. GONZALO ZELAYA ACUNA,JUEZ PUBLICO DE FAMILIA 6 DE SUCRE
CHUQUISACA,DR. JAVIER SALINAS RODRIGUEZ,JUEZ 2 PUBLICO CIVIL Y COMERCIAL 
CHUQUISACA,DR. JUAN DE DIOS CONDORI L.,JUEZ 5 PUBLICO CIVIL Y COMERCIAL  DE SUCRE
CHUQUISACA,DR. LEVY ADALID ROMAY ORTEGA,JUEZ 3 PUBLICO CIVIL Y COMERCIAL DE SUCRE 
CHUQUISACA,DR. FERNANDO RILBERT AVILES SALGUERO,JUEZ 7 PUBLICO CIVIL Y COMERCIAL  DE SUCRE
CHUQUISACA,DR. PEDRO FLORES MEDINA,JUEZ 1 PUBLICO CIVIL Y COMERCIAL  DE SUCRE
CHUQUISACA,DR. VICTOR QUINTANILLA FLORES,JUEZ 2 PUBLICO CIVIL Y COMERCIAL  DE SUCRE
CHUQUISACA,DR. L. EDUARDO GONZALES R.,JUEZ DE SENTENCIA 1 EN LO PENAL DE SUCRE
CHUQUISACA,LIC. JHONNY PADILLA PALACIOS,SERVICIO DE IMPUESTOS NACIONALES DISTRITAL CHUQUISACA
CHUQUISACA,DR. FREDDY BONILLA CABRERA,JUEZ 1 PUBLICO CIVIL Y COMERCIAL DE SUCRE
CHUQUISACA,DR. GARY BRACAMONTE GUMIEL,JUEZ 1 DE INSTRUCCION ANTICORRUPCION Y DE MATERIA CONTRA VIOLENCIA A LA MUJER
CHUQUISACA,DRA. MARIA NIEVES OVANDO PALENQUE,JUEZ 3RO. DE PARTIDO DE FAMILIA DE SUCRE
CHUQUISACA,DRA. GRENNY BOLLING VIRUEZ,JUEZ 3 DE PARTIDO DE TRABAJO Y SEGURIDAD SOCIAL ADMINISTRATIVO COACTIVO FISCALY TRIBUTARIO DE SUCRE
CHUQUISACA,DRA. JANNETE R. CALVO MUNOZ,JUEZ 10 PUBLICO CIVIL Y COMERCIAL DE SUCRE 
CHUQUISACA,DRA. MARGOT FLORES LIZARAZU,JUEZ DE PARTIDO DEL TRABAJO Y SEGURIDAD SOCIAL ADMINISTRATIVO COACTIVO FISCALY TRIBUTARIO 1 DE SUCRE
CHUQUISACA,DRA. PATRICIA SILVIA SALGUEIRO,JUEZ 13 PUBLICO CIVIL Y COMERCIAL  DE SUCRE
CHUQUISACA,DRA. CARMEN E. CAMPERO RODRIGUEZ,JUEZ 14 PUBLICO CIVIL Y COMERCIAL  DE SUCRE
CHUQUISACA,DRA. JACQUELINE S. TRIGO LEDEZMA ,JUEZ 12 PUBLICO CIVIL Y COMERCIAL DE SUCRE 
CHUQUISACA,DRA. MA. ISABEL RUIZ HASSENTEUFEL ,JUEZ 6 PUBLICO CIVIL Y COMERCIAL  DE SUCRE
CHUQUISACA,DRA. HELGA YOVANNA PALACIOS RODRIGUEZ,JUEZ PUBLICO DE FAMILIA 1 DE SUCRE
CHUQUISACA,DRA. M. BETTY NOGALES BOHORQUEZ,JUEZ 7 PUBLICO CIVIL Y COMERCIAL  DE SUCRE
CHUQUISACA,DRA. PATRICIA M. ACHA MORA,JUEZ 1 PUBLICO CIVIL Y COMERCIAL  DE SUCRE
CHUQUISACA,DRA. ODALYS SERRANO M.,JUEZ DE INSTRUCCION 5 PENAL Y CAUTELAR DE SUCRE
CHUQUISACA,DRA. CINTHIA ZAMBRANA HIGUERAS,JUEZ DE INSTRUCCION 2 EN LO PENAL DE SUCRE
CHUQUISACA,DRA. PATRICIA S. SALGUERO,JUEZ 13 PUBLICO CIVIL Y COMERCIAL DE SUCRE
CHUQUISACA,DRA. SANDRA GLADYS ALDAYUZ AVILES,JUEZ 2 PUBLICO DE FAMILIA 
CHUQUISACA,DR. JORGE VICENTE OROPEZA MONTECINOS,JUEZ 4 PUBLICO CIVIL Y COMERCIAL DE SUCRE
CHUQUISACA,DRA. KAREN LOPEZ CHISPAS,JUEZ 6 PUBLICO DE FAMILIA DE SUCRE
CHUQUISACA,DRA. OLGA VALDA GUZMAN,JUEZ 4 DEL TRABAJO Y SEGURIDAD SOCIAL ADMINISTRATIVO COACTIVO FISCALY TRIBUTARIO
CHUQUISACA,LIC. ALVARO VIDAL OROZA MONTELLANO ,SERVICIO DE IMPUESTOS NACIONALES DISTRITAL CHUQUISACA
CHUQUISACA,DR. LUIS BENJAMIN ROJA LATORRE,JUEZ 1 DE SENTENCIA PENAL 
CHUQUISACA,DR. JUAN PABLO PORTILLO IBANEZ,JUEZ PUBLICO DE FAMILIA 8
TARABUCO,DR. JORGE EDUARDO CAREAGA G.,JUEZ AGROAMBIENTAL
TARIJA,DR. JAVIER ANTONIO ANTEZANA REYES,JUEZ 1 DEL TRABAJO Y SEGURIDAD SOCIAL ADMINISTRATIVO COACTIVO FISCALY TRIBUTARIO DE TARIJA
SANTA CRUZ,DRA. FATIMA NORMA RIVERO FERNANDEZ,JUEZ 12 PUBLICO CIVIL Y COMERCIAL  DE SANTA CRUZ
TARIJA,DR. PABLO ZELAYA VILLANUEVA,JUEZ TECNICO DEL TRIBUNAL DE SENTENCIA PRIMERO DE TARIJA
TARIJA,DRA. PATRICIA DELFIN ESPINOZA,FISCAL DE MATERIA
TARIJA,DR. JORGE HORACIO PAREDES CARRANZA,JUEZ 6 PUBLICO CIVIL Y COMERCIAL  DE TARIJA
TARIJA,DRA. MARIA CRISTINA SANCHEZ HERRERA,JUEZ 3 PUBLICO CIVIL Y COMERCIAL  DE TARIJA
TARIJA,DR. JUAN CARLOS ACUNA CANEDO,JUEZ 10 PUBLICO CIVIL Y COMERCIAL  DE TARIJA
TARIJA,DR. MANUEL ESTRADA BALDIVIEZO,JUEZ 11 PUBLICO CIVIL Y COMERCIAL DE TARIJA
TARIJA,LIC. APOLINAR CHOQUE AREVILLCA,SERVICIO DE IMPUESTOS NACIONALES DISTRITAL  TARIJA
TARIJA,LIC. ERICH MONTANO MIRANDA,GOBIERNO AUTONOMO MUNICIPAL DE TARIJA
QUILLACOLLO,LIC. MARCELA MARTINA MALDONADO MOSCOSO,GOBIERNO AUTONOMO MUNICIPAL DE QUILLACOLLO
TARIJA,LIC. MARCELO CALLE APARICIO,GOBIERNO AUTONOMO MUNICIPAL DE TARIJA
TARIJA,DR. EDMUNDO RUEDA CARDOZO,JUEZ 2 PUBLICO CIVIL Y COMERCIAL  DE TARIJA
TARIJA,DR. CLAUDIO GUARACHI M. ,JUEZ PUBLICO DE FAMILIA 2 DE TARIJA
TARIJA,DR. JESUS S. ALTAMIRANO CRUZ,JUEZ 2 PUBLICO CIVIL Y COMERCIAL DE TARIJA 
TARIJA,DR. JORGE AHMED JULIO ALE,JUEZ 9 PUBLICO CIVIL Y COMERCIAL  DE TARIJA
TARIJA,DR. JUAN JOSE TORREJON UGARTE,JUEZ DE INSTRUCCION PENAL 4 DE TARIJA
TARIJA,DR. DENIS M. ARTEAGA ALEMAN,JUEZ PUBLIO CIVIL Y COMERCIAL 5 DE TARIJA
TARIJA,LIC. WILLIAM JAIME CAVERO SANCHEZ,ADUANA NACIONAL DE BOLIVIA REGIONAL TARIJA
TARIJA,DR. JULIO CESAR HURTADO,FISCAL DE MATERIA
SANTA CRUZ,DR. JORGE ARMANDO CABALLERO BONILLA,FISCAL DE MATERIA
TARIJA,DR. PABLO REINALDO ZELAYA VILLANUEVA,JUEZ DEL TRIBUNAL DE SENTENCIA PENAL 1 
TARIJA,DR. ADOLFO NILO VELASCO A.,JUEZ 11 PUBLICO CIVIL Y COMERCIAL 
TARIJA,DR. GUSTAVO TABOADA SUAREZ,JUEZ INSTRUCCION CAUTELAR  PENAL 2
TARIJA,LIC. PAUL R. CASTELLANOS ZENTENO,ADUANA NACIONAL DE BOLIVIA REGIONAL TARIJA
TARIJA,DRA. CARLA FABIOLA CORIA PRIETO,JUEZ DE PARTIDO DE TRABAJO Y SEGURIDAD SOCIAL ADMINISTRATIVO COACTIVO FISCALY TRIBUTARIO 2 DE TARIJA
TARIJA,LIC. CRISTINA RODRIGUEZ DE AVILA,GOBIERNO AUTONOMO MUNICIPAL DE TARIJA
TARIJA,DRA. RAQUEL ARAMAYO,JUEZ DE SENTENCIA PRIMERO DE TARIJAGILKA
TARIJA,DR. ARTURO LOPEZ LEYTON,JUEZ 6 PUBLICO CIVIL Y COMERCIAL DE TARIJA
TARIJA,DRA. MAGALI CALDERON DE ALEMAN,JUEZ DE SENTENCIA TERCERO DE TARIJA
TARIJA,DRA. MARIA ALEJANDRA BURGOS,ASESORA LEGAL UNIDAD COACTIVO FISCALIA
TARIJA,DRA. MABEL NORMA ROCHA VERA,JUEZ 5 PUBLICO CIVIL Y COMERCIAL  DE TARIJA
TARIJA,DRA. LOIDA RITA IRIARTE RAMOS,JUEZ 1 PUBLICO CIVIL Y COMERCIAL  DE TARIJA
TARIJA,DRA. FELIPA ESCALANTE ORTEGA,JUEZ DE INSTRUCCION 3 EN LO PENAL DE TARIJA
TARIJA,DRA. LIZZIE MONICA RIERA SORICH,JUEZ PUBLICO DE LA NINEZ Y ADOLESCENCIA 2 DE TARIJA
TARIJA,DRA. MAGALI ZAIDA CALDERON MALDONADO,JUEZ DE SENTENCIA PENAL 2 DE TARIJA
TARIJA,DRA. YENNY CORTEZ BALDIVIEZO,JUEZ 3 PUBLICO CIVIL Y COMERCIAL  DE TARIJA
TARIJA,DRA. BETY MARLENE BUITRAGO RUEDA,JUEZ 7 PUBLICO CIVIL Y COMERCIAL  DE TARIJA
TARIJA,DRA. LUCIA ESCOBAR CAZON,JUEZ PUBLICO 1 DE FAMILIA
TARIJA,DRA. SILVIA SUSANA RUIZ PANTOJA,JUEZ 8 PUBLICO CIVIL Y COMERCIAL  DE TARIJA
TARIJA,DRA. GRETA SOLEDAD ITURRICHA KRAMER,JUEZ DE PARTIDO DE TRABAJO Y SEGURIDAD SOCIAL ADMINISTRATIVO COACTIVO FISCALY TRIBUTARIO 1 
TARIJA,DRA. ELIA TERESA ZAMBRANA SANCHEZ,JUEZ 10 PUBLICO CIVIL Y COMERCIAL  DE TARIJA
TARIJA,DRA. ELIANA SUAREZ VALENCIA,JUEZ 11 PUBLICO CIVIL Y COMERCIAL  DE TARIJA
TARIJA,DRA. JANETHE E. CASTRO M.,JUEZ DE SENTENCIA PENAL 2 DE TARIJA
TARIJA,DRA. MINERVA TARRAGA GUTIERREZ,JUEZ DE SENTENCIA PENAL 2 
TARIJA,DRA. MARIA ELENA PUMARINO CASTRO,JUEZ PUBLICO DE FAMILIA 3
TARIJA,DR. ROBERTO CARLOS SANCHEZ MARCA,JUEZ 4 PUBLICO CIVIL Y COMERCIAL DE TARIJA
TARIJA,LIC. CARLOS A. ALEMAN ROJAS,GOBIERNO AUTONOMO MUNICIPAL DE TARIJA
TARIJA,LOURDES ALDANA ROJAS,ADUANA NACIONAL DE BOLIVIA REGIONAL TARIJA
TARIJA,DR. JULIO CESAR BUHEZO AGUIRRE,JUEZ 9 PUBLICO CIVIL Y COMERCIAL
TARIJA,YUVENKA L. CONDORI FERNANDEZ,SERVICIO DE IMPUESTOS NACIONALES DISTRITAL  TARIJA
TIQUIPAYA,ING. RUDY R. ZAMBRANA JAIMES,GOBIERNO AUTONOMO MUNICIPAL DE TIQUIPAYA
TIQUIPAYA,DRA. BRIGITTE S. ZAPATA GUTIERREZ,JUEZ MIXTO PUBLICO COMERCIAL DE FAMILIA E INSTRUCCION PENAL 1 DE TIQUIPAYA
TIRAQUE,DR. TADEO NIVARDO ROJAS GARCIA,JUEZ PUBLICO CIVIL Y COMERCIAL E INSTRUCCION PENAL 1 DE TIRAQUE
TOTORA,DR. RUBEN DARIO AMARAN BARRIENTOS,JUEZ PUBLICO MIXTO CIVIL COMERCIAL FAMILIA NINEZ ADOLESCENCIA Y SENTENCIA PENAL 1 DE TOTORA
TOTORA,DRA. NORMA VIVIANA ARNEZ ARNEZ,JUEZ PUBLICO CIVIL Y COMERCIAL E INSTRUCCION PENAL 1 DE TOTORA
TRINIDAD,DR. LUIS FERNANDO VACA BOLLING,JUEZ 3 PUBLICO DE FAMILIA
TRINIDAD,DRA. XIMENA BEATRIZ CHAVEZ AUE,JUEZ PUBLICO FAMILIAR 1
TRINIDAD,DR. RAMON CAMARGO PEDRIEL,PRESIDENCIADE SALA PENAL DEL BENI
TRINIDAD,DR. ALEX FERNANDO NUNEZ VARGAS,JUEZ 1 DE TRABAJO Y SEGURIDAD SOCIAL DE BENI
TRINIDAD,DR. JUAN CANCIO ALCON VILLARROEL,JUEZ DE PARTIDO ADMINISTRATIVO COACTIVO FISCALTRIBUTARIO 1 DEL BENI
TRINIDAD,LIC. ERNESTO NATUSCH SERRANO,SERVICIO DE IMPUESTOS NACIONALES DISTRITAL BENI
LA PAZ,DR. ADAMS OSCAR MONTES ANTELO,JUEZ 2 PUBLICO CIVIL Y COMERCIAL DE ZONA SUR
TRINIDAD,DR. RAFAEL TORDOYA CORRALES,JUEZ 4 PUBLICO CIVIL Y COMERCIAL  DE TRINIDAD
TRINIDAD,DR. EDWIN ANGEL DIEDERICH CLAROS,JUEZ 6 PUBLICO CIVIL Y COMERCIAL  DE TRINIDAD
TRINIDAD,DR. JULIO CESAR SUAREZ DORADO,JUEZ DE PARTIDO DE TRABAJO Y SEGURIDAD SOCIAL 2 
TRINIDAD,DR. RICHARD CHOQUE ROMERO,JUEZ 1 DE SENTENCIA DE TRINIDAD
TRINIDAD,DR. EDWIN POMA MAMANI,FISCAL DE MATERIA 
ORURO,DR. JOSE LUIS HUARACHI GUARACHI,FISCAL DE MATERIA 
ORURO,DRA. MIRAM CONDOMIS SANTOS,FISCAL DE MATERIA 
TRINIDAD,DR. ROBERTO ISMAEL NACIF SUAREZ,JUEZ 1 PUBLICO CIVIL Y COMERCIAL  DE TRINIDAD
TRINIDAD,DR. JOSE ARMANDO URIOSTE VIERA,JUEZ 3 PUBLICO CIVIL Y COMERCIAL  
TRINIDAD,LIC. MAURICIO DELLIEN MONTERO,SERVICIO DE IMPUESTOS NACIONALES DISTRITAL BENI
TRINIDAD,DRA. KATYA CECILIA MONTERO MONTERO,JUEZ 2 PUBLICO CIVIL Y COMERCIAL DE TRINIDAD
TRINIDAD,DRA. RAQUEL ADELA HURTADO HERNANDEZ,JUEZ 5 PUBLICO CIVIL Y COMERCIAL  DE TRINIDAD
TRINIDAD,DR. ROGER ROCA ABREGO,JUEZ 6 PUBLICO CIVIL Y COMERCIAL DE TRINIDAD
TRINIDAD,DRA. INGRID ANTELO ORIHUELA,JUEZ 1 PUBLICO CIVIL Y COMERCIAL 
TRINIDAD,LIC. SERGIO PASTOR NAVARRO VENEGAS,SERVICIO DE IMPUESTOS NACIONALES DISTRITAL BENI
TRINIDAD,DR. GREOGORIO CHUNGARA CONDORI,JUEZ 1 DE SENTENCIA PENAL 
TUPIZA,DR. RAUL A. TORREZ CACERES,JUEZ 3 PUBLICO CIVIL Y COMERCIAL  DE TUPIZA
TUPIZA,DRA. BASIIA GALALRDO HINOJOZA,JUEZ PUBLICO DE FAMILIA 1 DE TUPIZA
TUPIZA,DR. JUAN CARLOS MAMANI AYLLON,JUEZ 2 PUBLICO CIVIL Y COMERCIAL  DE TUPIZA
TUPIZA,DR. REMBERTO E. LOPEZ LLANOS,JUEZ TECNICO DEL TRIBUNAL DE SENTENCIA 1 PARTIDO DE TRABAJO Y S.S.
TUPIZA,DR. DAVID M. JORGE HUARACHI,JUEZ 1 PUBLICO CIVIL Y COMERCIAL 
UNCIA,DRA. L. KATERIN CONDARCO RAMIREZ,JUEZ 1 PUBLICO CIVIL Y COMERCIAL 
UNCIA,DRA. LOURDES C. CORTEZ ESCALANTE,JUEZ 2 PUBLICO CIVIL Y COMERCIAL 
URIONDO,DRA. CARMEN ROMERO MENDOZA,JUEZ PUBLICO MIXTO CIVIL COMERCIAL DE FAMILIA NINEZ ADOLESCENCIA PAR. DE TRABAJO Y S.S. E INSTRUCCION PENAL 1
MAGDALENA,DR. LUIS FERNANDO CHAVEZ ARZA,JUEZ PUBLICO MIXTO CIVIL COMERCIAL DE FAMILIA NINEZ ADOLESCENCIA PAR. DE TRABAJO Y S.S. E INSTRUCCION PENAL 1
URIONDO,DRA. CARMEN ROSA ROMERO MENDOZA,JUEZ PUBLICO MIXTO CIVIL Y COMERCIAL DE FAMILIA TRABAJO Y S.S. E INSTRUCCION PENAL 1 DE URIONDO
UYUNI,DR. SANTIAGO REBOLLO H.,JUEZ 2 PUBLICO CIVIL Y COMERCIAL 
UYUNI,DR. RONALD A. BASILIO LUPA,JUEZ 1 PUBLICO CIVIL Y COMERCIAL 
VALLEGRANDE,DR. MALCON DENAR CESPEDES GOMEZ,JUEZ 1 PUBLICO CIVIL Y COMERCIAL  DE VALLEGRANDE
VIACHA,DR. JAVIER MARCELO TABOADA RODRIGUEZ,FISCAL DE MATERIA ADSCRITO A LA CIUDAD DE VIACHA
VIACHA,DRA. MARIANELI CHAVEZ VARGAS,JUEZ PUBLICO CIVIL Y COMERCIAL Y DE FAMILIA 1
VIACHA,DR. ERWIN RODOLFO PONCE SERRANO,JUEZ PUBLICO CIVIL Y COMERCIAL Y DE FAMILIA 2
VIACHA,DRA. MODESTA IRMA QUISBERT ROJAS,JUEZ PUBLICO DE LA NINEZ Y ADOLESCENCIA DEL TRABAJO Y SEGURIDAD SOCIAL Y DE SENTENCIA PENAL 1 DE VIACHA
VILLA MONTES,DR. JORGE ALEJANDRO VARGAS VILLAGOMEZ,JUEZ DE PARTIDO MIXTO SEGUNDO DE VILLAMONTES
VILLA MONTES,DR. VIANNEY IVAN BARCA GALEAN,JUEZ PUBLICO MIXTO CIVIL Y COMERCIAL Y DE FAMILIA 1 DE VILLAMONTES
VILLA MONTES,DR. FLORENCIO ESCALANTE BEJARANO,JUEZ PUBLICO MIXTO CIVIL Y COMERCIAL Y DE FAMILIA 2 DE VILLAMONTES
VILLA MONTES,DR. ERIC GARISTO GARCIA,JUEZ PUBLICO MIXTO CIVIL COMERCIAL Y FAMILIA 1 DE VILLAMONTES
VILLA MONTES,DRA. MARTHA RAQUEL ROJAS ROJAS,JUEZ DE INSTRUCCION PENAL 1 DE VILLA MONTES
VILLA MONTES,DRA. ANA ROSA MANCILLA CHAILE,JUEZ DEL TRIBUNAL DE SENTENCIA PENAL 1 
VILLA MONTES,DR. CRISTIAN RAMIRO SOSA HINOJOSA,JUES DEL TRIBUNAL DE SENTENCIA PENAL 1
VILLA MONTES,DR. ROLANDO ASTETE BUSTAMANTE,JUEZ PUBLICO MIXTO CIVIL COMERCIAL Y FAMILIA 1 DE VILLAMONTES
VILLA SERRANO,DR. HERBERT ANTONIO VEDIA VEDIA,JUEZ PUBLICO MIXTO CIVIL Y COMERCIAL DE FAMILIA NINEZ Y ADOLESCENCIA E INSTRUCCION PENAL 1
VILLA TUNARI,DR. JOSE LUIS DAVILA LAFUENTE,JUEZ PUBLICO CIVIL COMECIAL Y DE SENTENCIAL PENAL 1
VILLAZON,DR. FREDDY HURTADO MENDEZ,JUEZ 1 PUBLICO CIVIL Y COMERCIAL DE VILLAZON
VILLAZON,DR. JAVIER G. LAURA CHUCA,JUEZ 1 PUBLICO CIVIL Y COMERCIAL DE VILLAZON
VINTO,DR. VLADIMIR ROCHA CHUGAR,JUEZ PUBLICO CIVIL Y COMERCIAL NINEZ Y ADOLESCENCIA Y DE SENTENCIA PENAL 1
VINTO,DRA. MELVY J. CAMACHO GUZMAN,JUEZ PUBLICO CIVIL Y COMERCIAL DE FAMILIA E INSTRUCCION PENAL 1 DE VINTO
WARNES,DR. ALDO GUSTAVO VARGAS MENDEZ,JUEZ PUBLICO MIXTO CIVIL Y COMERCIAL DE FAMILIA Y SENTENCIA PENAL 1DE WARNES
WARNES,ABG. CAROLINA ARANCIBIA TERAN ,GOBIERNO AUTONOMO MUNICIPAL DE WARNES
VILLAMONTES,DR. EDGAR RIVERA ESTRADA,GOBIERNO AUTONOMO MUNICIPAL DE VILLAMONTES
WARNES,LIC. CYNTHIA MIREYA CASAS VEGA,GOBIERNO AUTONOMO MUNICIPAL DE WARNES
WARNES,LIC. JOSE LUIS COSSIO R.,GOBIERNO AUTONOMO MUNICIPAL DE WARNES
WARNES,LIC. CARLOS ALBERTO ZANKIZ T.,GOBIERNO AUTONOMO MUNICIPAL DE WARNES
YACUIBA,DR. MARIO VILLCA ZAMBRANA,JUEZ PUBLICO DE FAMILIA 1
CHUQUISACA,DR. MARCO A. GARECA VELASQUEZ,JUEZ PUBLICO DE FAMILIA 10
YACUIBA,DR. SERGIO COPA IBARRA,JUEZ 1 PUBLICO CIVIL Y COMERCIAL  
YACUIBA,LIC. JAVIER FLORES ZEGARRA,GOBIERNO AUTONOMO MUNICIPAL DE YACUIBA
YACUIBA,DR. VICTOR FABIAN GARECA OBLITAS,JUEZ DE SENTENCIA PENAL 1 DE YACUIBA
COCHABAMBA,DRA. MARIA EUGENIA SAAVEDRA SALAZAR,JUEZ PUBLICO DE FAMILIA 10
LA PAZ,DR. FRANK I. VASQUEZ OBLITAS,FISCAL DE MATERIA
COCHABAMBA,DR. RAMIRO ALTAMIRANO SEJAS,FISCAL DE MATERIA
YACUIBA,LIC. NELSON C. GUTIERREZ FERREIRA,GOBIERNO AUTONOMO MUNICIPAL DE YACUIBA
YACUIBA,LIC. RONALD MARTINEZ ARANCIBIA,SERVICIO DE IMPUESTOS NACIONALES DISTRITAL YACUIBA
YACUIBA,LIC. GLADIS SANTOS ABAN,GOBIERNO AUTONOMO MUNICIPAL DE YACUIBA
YACUIBA,DRA. JENNY CASTELLON SORUCO,JUEZ 3 PUBLICO CIVIL Y COMERCIAL  DE YACUIBA
YACUIBA,DRA. MARIA ROSA COLPARI LEYTON,JUEZ DE PARTIDO DE TRABAJO SEGURIDAD SOCIAL FAMILIA Y PUBLICO DE LA NINEZ Y ADOLESCENCIA 2
YACUIBA,LIC. MARCIA MILENKA RUEDA SOLIZ,SERVICIO DE IMPUESTOS NACIONALES DISTRITAL YACUIBA
YACUIBA,DRA. L. ESTHELA GALARZA O.,JUEZ 2 PUBLICO CIVIL Y COMERCIAL  DE YACUIBA
YACUIBA,DRA. SANDRA JANET MENDEZ JURADO,JUEZ DE PARTIDO DE TRABAJO Y S.S. NINEZ Y ADOLESCENCIA 1
YACUIBA,DRA. VIRGINIA L. VALDEZ PANOSO,GOBIERNO AUTONOMO MUNICIPAL DE YACUIBA
YACUIBA,LIC. JORGE A. RUIZ LEON,GOBIERNO AUTONOMO MUNICIPAL DE YACUIBA
YACUIBA,SANDRA F. FERNANDEZ C.,GOBIERNO AUTONOMO MUNICIPAL DE YACUIBA
YAPACANI,DR. MARCELO CORTEZ CANDIA,JUEZ PUBLICO CIVIL COMERCIAL Y DE PARTIDO DEL TRABAJO Y S.S. 1
YAPACANI,DRA. CAROLA PATRICIA HOYOS ORTIZ,JUEZ PUBLICO MIXTO DE FAMILIA NINEZ Y ADOLESCENCIA Y SENTENCIA PENAL 1 DE YAPACANI
YAPACANI,DRA. MARIA VIRIGINIA CANCHARI ARTEAGA,JUEZ PUBLICO MIXTO DE FAMILIA NINEZ ADOLESCENCIA Y SENTENCIA PENAL 1 DE YAPACANI
LA PAZ,DR. FRANKLIN SINANI VELASCO,JUEZ 8 DE SENTENCIA PENAL 
SANTA CRUZ,DR. ISMAEL BURGOS OLMOS,JUEZ PUBLICO EN MATERIA FAMILIAR NINEZ Y ADOLESCENCIA Y DE INSTRUCCION PENAL 1
CHUQUISACA,DRA. PAULINA ELENA AMACHUY ORTEGA,JUEZ 2 DE PARTIDO DEL TRABAJO Y SEGURIDAD SOCIAL ADMINISTRATIVO COACTIVO FISCALY TRIBUTARIO
COCHABAMBA,WILSON ESPINOZA CAMACHO,GOBIERNO AUTONOMO MUNICIPAL DE COCHABAMBA
COCHABAMBA,RICHARD BORIS ROJAS ROJAS,GOBIERNO AUTONOMO MUNICIPAL DE COCHABAMBA
COBIJA,DR. ALEX EDDY PARDO ZEBALLOS,JUEZ 2 PUBLICO CIVIL Y COMERCIAL
SANTA CRUZ,DRA. VALERIA MUNGUIA AGUILERA,JUEZ 14 PUBLICO CIVIL Y COMERCIAL DE SANTA CRUZ
COBIJA,DRA. EDITH EMILENE ACUNA HERRERA,JUEZ 3 PUBLICO CIVIL Y COMERCIAL DE COBIJA
PROVINCIA INQUISIVI,DR. GREGORIO MERLO CHURA,JUEZ PUBLICO MIXTO CIVIL Y COMERCIAL DE FAMILIA NINEZ ADOLESCENCIA DE PARTIDO DE TRABAJO Y S.S Y SENTENTENCIA PENAL 1 DE INQUISIVI
HUANUNI,DR. WILDER AUCA CONDORI,JUEZ PUBLICO MIXTO CIVIL Y COMERCIAL DE FAMILIA E INSTRUCCION PENAL 2
COBIJA,EFRAIN OPI CONDORI,SERVICIO DE IMPUESTOS NACIONALES DISTRITAL PANDO
TARIJA,LIC. GUSTAVO CARVAJAL LLANQUE,GOBIERNO AUTONOMO MUNICIPAL DE TARIJA
ORURO,DRA. SILVIA ROSARIO PASCUAL SAAVEDRA,JUEZ 5 PUBLICO DE FAMILIA
CHIMORE,DR. W. LEANDRO DIAZ MENDOZA,JUEZ PUBLICO MIXTO CIVIL Y COMERCIAL DE FAMILIA DE LA NINEZ Y ADOLESCENCIA E INSTRUCCION PENAL 1 DEL TRABAJO Y SEGURIDAD SOCIAL DE CHIMORE
ORURO,DR. WILSON CORTEZ COPA,FISCAL DE MATERIA ESPECIALIZADA ANTICORRUPCION
LA PAZ,DRA. PAMELA NIEVES PORTOCARRERO JIMENEZ,FISCAL DE MATERIA ESPECIALIZADA ANTICORRUPCION
EL ALTO,DRA. LIDIA CLAUDIA CORONEL BLANCO,JUEZ TECNICO DEL TRIBUNAL DE SENTENCIA 3 DE EL ALTO
SANTA CRUZ,DRA. MARIA JACKELINE SORIANO RIVERO,JUEZ 12 DE PARTIDO DE TRABAJO Y SEGURIDAD SOCIAL
EL ALTO,DR. RUBEN REMBERTO QUISPE FLORES,JUEZ 2 PUBLICO CIVIL Y COMERCIAL DE EL ALTO
SACABA,DRA. GABRIELA FERNANDEZ CABALLERO,JUEZ 1 PUBLICO MIXTO DE FAMILIA Y DE LA NINEZ Y ADOLESCENCIA
CHUQUISACA,DR. JUAN QUIROGA ORTIZ,JUEZ 7 PUBLICO DE FAMILIA DE SUCRE
WARNES,ELIANA LLANOS HUANCA,GOBIERNO AUTONOMO MUNICIPAL DE WARNES
POTOSI,DRA. SELMA GABRIELA GUTIEIRREZ CRUZ,UNIDAD DE FISCALLITIGANTE - TRIBUNAL DE SENTENCIA PRIMERO
SACABA,DR. GIAMIL MARCELO GAMBOA FLORES,JUEZ 3 PUBLICO CIVIL Y COMERCIAL DE SACABA
QUILLACOLLO,DR. G. RONALD TERRAZAS MONTANO,JUEZ 5 PUBLICO CIVIL Y COMERCIAL DE QUILLACOLLO
COCHABAMBA,DR. JUAN PABLO AMADOR RIVERA,JUEZ 4 DE TRABAJO Y SEGURIDAD SOCIAL DE COCHABAMBA
TIQUIPAYA,DR. EDGAR ESTEBAN MENACHO ROJAS,JUEZ 2 PUBLICO MIXTO CIVIL Y COMERCIAL DE FAMILIA E INSTRUCCION PENAL DE TIQUIPAYA
POTOSI,DRA. PAOLA M. GARCIA OQUENDO,JUEZ 6 PUBLICO DE FAMILIA
ORURO,DR. MARCO ANTONIO GEMIO MURILLO,JUEZ 1 PUBLICO CIVIL Y COMERCIAL DE ORURO
ORURO,DR. FREDDY ALBERTO LLANOS MARTINEZ,JUEZ 3 PUBLICO CIVIL Y COMERCIAL DE ORURO
SANTA CRUZ,DRA. PATRICIA G. AVILES SALGUERO,JUEZ 2 DE PARTIDO ADMINISTRATIVO COACTIVO FISCALY TRIBUTARIO  
LA PAZ,DR. VICTOR HUGO VARGAS PINELL,JUEZ 5 DE PARTIDO ADMINISTRATIVO COACTIVO FISCALY TRIBUTARIO  DE LA PAZ
SANTA CRUZ,DR. JOSE LUIS RODRIGUEZ ECHEVERRIA,JUEZ 3 PUBLICO MIXTO CIVIL Y COMERCIAL DE FAMILIA E INSTRUCCION PENAL DEL PLAN 3000
CHUQUISACA,DRA. CARMEN E. CAMPERO RODRIGUEZ,JUEZ 14 PUBLICO CIVIL Y COMERCIAL DE SUCRE
LA PAZ,DR. RAUL GALLO ORDONEZ,FISCAL DE MATERIA DE LA FISCALIAIA EN DELITOS PATRIMONIALES
LA PAZ,DR. ISRAEL ANGEL ZAPANA MENDOZA,FISCAL DE MATERIA DE LA FISCALIAIA EN DELITOS PATRIMONIALES
CHUQUISACA,DR. LUIS FERNANDO COLQUE CHIRINOS,FISCAL DE MATERIA DE LA FISCALIAIA EN DELITOS PATRIMONIALES
SANTA CRUZ,DR. RICHARD CAMACHO CAIGUARA,FISCAL DE MATERIA 
SANTA CRUZ,DR. MARCOS ARCE GANDARIAS,FISCAL DE MATERIA 
SANTA CRUZ,DRA. MARIANA G. ALBORNOZ DURAN,FISCAL DE MATERIA 
SANTA CRUZ,DRA. KARIN BALCAZAR AZABA,JUEZ 7 PUBLICO DE FAMILIA
COCHABAMBA,DRA. JAEL MERIDA ARISPE,JUEZ 1 PUBLICO DE FAMILIA
ORURO,DR. FILIMON CONDORI CALIZAYA,PRESIDENCIA SALA ESPECIALIZADA CONTENCIOSA ADMINISTRATIVA Y SOCIAL
LA PAZ,DRA. JEANETH CHOQUE GARCIA,JUEZ DE PARTIDO DE TRABAJO Y SEGURIDAD SOCIAL  9 DE LA PAZ
TRINIDAD,DR. ROY RODOLFO MENDIA RIBERA,JUEZ 3 PUBLICO CIVIL Y COMERCIAL DE TRINIDAD
MONTERO,ING. CARLOS MARCELO FLORES M.,GOBIERNO AUTONOMO MUNICIPAL DE MONTERO
LA PAZ,DRA. LOURDES DEL PILAR DIAZ BERRIOS,FISCAL DE MATERIA  DE LA DIVISION ESPECIALIZADA EN DELITOS DE GNERO Y VIOLENCIA SEXUAL
LA PAZ,DR. HARRY SUAZNABAR DIAZ,JUEZ DE SENTENCIA CONTRA LA VIOLENCIA  HACIA LA MUJER 4
SANTA CRUZ,DR. RODRIGO A. VEDIA ESPINOZA,JUEZ 1 PUBLICO MIXTO CIVIL Y COMERCIAL DE FAMILIA E INSTRUCCION PENAL DE LA GUARDIA
COBIJA,DRA. NANCI MARCE FERNANDEZ,JUEZ 1 DE PARTIDO DE TRABAJO Y S.S. DE COBIJA
ORURO,DR. ROBERTO FLORES GAMBOA,JUEZ 9 PUBLICO CIVIL Y COMERCIAL DE ORURO
ORURO,DR. SERGIO ANGEL ARIAS SANTALLA,JUEZ 7 PUBLICO CIVIL Y COMERCIAL DE ORURO
SANTA CRUZ,DR. YIYE DAVID RISO SARABIA,JUEZ PUBLICO MIXTO CIVIL Y COMERCIAL DE FAMILIA E INSTRUCCION PENAL 2
PORTACHUELO,DRA. JUDITH SEJAS SEJAS,JUEZ PUBLICO MIXTO CIVIL Y COMERCIAL DE FAMILIA NINEZ Y ADOLESCENCIA E INSTRUCCION PENAL 2
SANTA CRUZ,DRA. JUDITH A. CASTELLON TORRES,JUEZ 27 PUBLICO CIVIL Y COMERCIAL DE SANTA CRUZ
SANTA CRUZ,DRA. SANDRA VILLAFUERTE SEJAS,JUEZ DE SENTENCIA PENAL 20 DISTRITO MUNICIPAL N 9
SANTA CRUZ,DRA. CAMILA PANIAGUA FERRUFINO,JUEZ 6 PUBLICO CIVIL Y COMERCIAL DE SANTA CRUZ
ORURO,DRA. A. ROCIO MARQUEZ ESPINOZA,JUEZ 2 PUBLICO DE FAMILIA DE ORURO
LA PAZ,DR. PEDRO ROLANDO CUSI CHAMBI,JUEZ 6 PUBLICO CIVIL Y COMERCIAL DE LA PAZ
QUILLACOLLO,DRA. MARY LUZ YAPURA GUERRERO,JUEZ 6 PUBLICO CIVIL Y COMERCIAL DE QUILLACOLLO
RIBERALTA,DRA. RAISA F. ARELLANO TERAN,JUEZ 4 PUBLICO CIVIL Y COMERCIAL Y FAMILIA DE RIBERALTA
CHUQUISACA,DRA. XIMENA OLIVIA ELENA MARQUEZ BARJA,JUEZ 5 PUBLICO CIVIL Y COMERCIAL DE SUCRE
TRINIDAD,DR. HENRY LEONARDO FRANCK LINO,JUEZ 1 DE PARTIDO ADMINISTRATIVO COACTIVO FISCALY TRIBUTARIO
TARIJA,DR. LUIS ESTEBAN ORTIZ FLORES,JUEZ 3 PUBLICO CIVIL Y COMERCIAL DE TARIJA
COBIJA,JOYCE VILLALOBOS AGUILAR,JUEZ 4 PUBLICO CIVIL Y COMERCIAL DE COBIJA
AIQUILE,DR. RUBEN JIMENEZ AGUADA,JUEZ 1 PUBLICO CIVIL COMERCIAL DE PARTIDO DE TRABAJO Y S.S. DE AIQUILE
EL ALTO,DR. SAUL EDMUNDO GOMEZ MOLINA,JUEZ 4 DE PARTIDO DE TRABAJO Y S.S. DE EL ALTO
MONTERO,DRA. YESENIA E. BARRETO C.,JUEZ 3 PUBLICO CIVIL Y COMERCIAL DE MONTERO
EL ALTO,DRA. REYNA M. BRANEZ SERRANO,JUEZ 8 PUBLICO CIVIL Y COMERCIAL DE EL ALTO
SANTA CRUZ,JAQUELIN LINO SALAZAR,SERVICIO DE IMPUESTOS NACIONALES DISTRITAL SANTA CRUZ I
SANTA CRUZ,JOSE LUIS MOLLINEDO KOYA,ADUANA NACIONAL DE BOLIVIA REGIONAL SANTA CRUZ
COCHABAMBA,DRA. GISELLE K. SUAZNABAR URIONA,GOBIERNO AUTONOMO MUNICIPAL DE COCHABAMBA
SAN JOAQUIN,DR. RENE CRUZ SEGOBIA,JUEZ PUBLICO MIXTO CIVIL Y COMERCIAL DE FAMILIA NINEZ TRABAJO Y S.S. E INST. PENAL
POTOSI,DRA. MARIA RENEE INIGUEZ ARAUJO,JUEZ 1 PUBLICO DE FAMILIA DE POTOSI
LA PAZ,DR. DELFOR E. RIOS ARRUETA,JUEZ 6 DE SENTENCIA EN LO PENAL
POTOSI,ALEX YAMIL MAMANI CONDORI,ADUANA NACIONAL DE BOLIVIA REGIONAL POTOSI
QUILLACOLLO,ELIZABETH LEDEZMA CORNEJO,SERVICIO DE IMPUESTOS NACIONALES DISTRITAL QUILLACOLLO
SANTA CRUZ,LIC. ROGER N. SERRATE RUIZ,GOBIERNO AUTONOMO MUNICIPAL DE SANTA CRUZ DE LA SIERRA
GUARAYOS,ABOG. ROBERTO CRUZ HURTADO ROCA,JUEZ PUBLICO MIXTO CIVIL Y COMERCIAL FAMILIA NINEZ Y ADOLESCENCIA E INSTRUCCION PENAL 1 DE GUARAYOS
LA PAZ,MARIO SUZANO ARCANI,SERVICIO DE IMPUESTOS NACIONALES DISTRITAL LA PAZ I
ORURO,DR. SERAFIN S. FLORES BARRETA,JUEZ 4 PUBLICO EN MATERIA FAMILIAR
YACUIBA,LIC. CARLA R. OLARTE M.,GOBIERNO AUTONOMO MUNICIPAL DE YACUIBA
SANTA CRUZ,MSC BERMAN HILLMAN GIL,GOBIERNO AUTONOMO MUNICIPAL DE SANTA CRUZ DE LA SIERRA
COCHABAMBA,MILTON J. ROJAS CLAROS,GOBIERNO AUTONOMO MUNICIPAL DE COCHABAMBA
SAN JOAQUIN,DRA. IRACEMA VIRUEZ VASQUEZ,JUEZ AGROAMBIENTAL DE SAN JOAQUIN
EL ALTO,DR. RENE RUBEN RAMOS MARIN,JUEZ DE PARTIDO ADMINISTRATIVO COACTIVO FISCALY TRIBUTARIO 1 DE EL ALTO
PUCARANI,DRA. RUTH RUBIN DE CELIS SALINAS,JUEZ PUBLICO CIVIL Y COMERCIAL DE PARTIDO DEL TRABAJO Y S.S. Y SENTENCIA PENAL 1
PUCARANI,DR. MAURICIO ELIAS  COPA OCAMPO,JUEZ PUBLICO MIXTO DE FAMILIA NINEZ Y ADOLESCENCIA E INSTRUCCION PENAL 1
ORURO,DR. FRANZ IMBER HUANAY CACERES,FISCAL DE MATERIA
ORURO,DRA. MIRIAM CONDOMIS SANTOS,FISCAL DE MATERIA
LA PAZ,DR. HELO ROCHA TELLEZ,FISCAL DE MATERIA
COBIJA,DRA. CARMEN R. RAMOS P.,JUEZ ADMINISTRATICO COACTIVO FISCALY TRIBUTARIO
VILLAZON,DR. EDSON MARTIN ARTEAGA VERA,JUEZ 2 PUBLICO CIVIL Y COMERCIAL DE VILLAZON
SANTA CRUZ,DRA. ELVIRA VELASQUEZ ARAMAYO,JUEZ 8 DE SENTENCIA PENAL DE SANTA CRUZ
ORURO,ALVARO AMILCAR MENDOZA NAVA,SERVICIO DE IMPUESTOS NACIONALES DISTRITAL ORURO
CHUQUISACA,JOSE E. PINTO ANDIA,JUEZ DE SENTENCIA PENAL 3 DE SUCRE
SANTA CRUZ,VANIA B. ROMERO PENA,JUEZ 1 MIXTO CIVIL Y COMERCIAL DE FAMILIA E INSTRUCCION PENAL DEL PLAN 3000
SAN JOSE DE CHIQUITOS,DRA. YSABEL SARITA MAZA MORUNO,JUEZ 1 CIVIL Y COMERCIAL E INSTRUCCION PENAL DE SAN JOSE DE CHIQUITOS
EL ALTO,DR. OMAR E. LARICO POMACAHUA,JUEZ 4 PUBLICO CIVIL Y COMERCIAL DE EL ALTO
EUCALIPTOS,SONIA RIOS RAMOS,JUEZ PUBLICO MIXTO CIVIL Y COMERCIAL FAMILIA NINEZ ADOLESCENCIA TRABAJO Y S.S. E INSTRUCCION PENAL 1
POTOSI,JOSE ALBERTO MOLINA VELASQUEZ,JUEZ 7 PUBLICO DE FAMILIA DE POTOSI
POTOSI,DR. SEGUNDINO CONDORI HUARACHI,JUEZ 2 PUBLICO CIVIL Y COMERCIAL DE  DE POTOSI
TUPIZA,DR. DANIEL SARABIA GALARZA,JUEZ 1 PUBLICO CIVIL Y COMERCIAL DE TUPIZA
TUPIZA,RAUL A. TORREZ CACERES,JUEZ 3 PUBLICO CIVIL Y COMERCIAL DE TUPIZA
SANTA CRUZ,MSC. JORGE LUIS ORTIZ LOPEZ ANTELO,JUEZ DE SENTENCIA PENAL 4 DE SANTA CRUZ
ROBORE,DR. HECTOR YABETA ALBA,JUEZ 1 PUBLICO MIXTO CIVIL COMERCIAL FAMILIA NINEZ ADOLESCENCIA E INTRUCCION PENAL
LA PAZ,DRA. PATRICIA MABEL AGUILAR AGUILAR,JUEZ 21 PUBLICO CIVIL Y COMERCIAL DE LA PAZ
SANTA ANA DEL YACUMA,DRA. CLAUDIA RAFUL PADILLA,JUEZ 1 PUBLICO CIVIL Y COMERCIAL DE SANTA ANA DEL YACUMA
SANTA CRUZ,E. JAVIER RODRIGUEZ BERNAL,SERVICIO DE IMPUESTOS NACIONALES DISTRITAL SANTA CRUZ II
LA PAZ,DRA. CLAUDIA M. CONTRERAS MOLINA,JUEZ 5 DE PARTIDO DE TRABAJO Y SEGURIDAD SOCIAL DE LA PAZ
EL ALTO,MARIA E. PACO LAURA,JUEZ 8 PUBLICO DE FAMILIA DE EL ALTO
COCHABAMBA,DR. ROBERTO D. VEDIA MARTINEZ,JUEZ 5 DE PARTIDO DE TRABAJO Y S.S. DE COCHABAMBA
COBIJA,MARIA DEL CARMEN ESCOBAR ARI,SERVICIO DE IMPUESTOS NACIONALES DISTRITAL PANDO
COCHABAMBA,DR. FERRUFINO VILLARROEL,FISCAL DE MATERIA 
CHUQUISACA,DRA. LILIAN AYARZA CAMPOS,JUEZ 5 PUBLICO CIVIL Y COMERCIAL  DE SUCRE
RIBERALTA,DRA. CLAUDIA RISSEL DIAZ ANTEQUERA,JUEZ PUBLICO CIVIL Y COMERCIAL Y DE FAMILIA 2 
PUNATA,DR. IGNACIO RAFAEL ARROYO,JUEZ PUBLICO CIVIL Y COMERCIAL SENTENCIA PENAL Y JUEZ TECNICO 1 DE PUNATA
COCHABAMBA,DR. HENRY M. FRANCO C.,FISCAL DE MATERIA 
CHUQUISACA,DR. JUSTINO GARNICA HUAYLLA,FISCAL DE MATERIA 
LA PAZ,DR. ARIEL MALLEA GUTIERREZ,PROCURADORIA GENERAL DEL ESTADO
LA PAZ,DR. ERLAND JULIO RODRIGUEZ LAFUENTE,PROCURADORIA GENERAL DEL ESTADO
LA PAZ,DRA. KAREN ROMERO IBANEZ,JUEZ PUBLICO DE FAMILIA 1 ZONA SUR
COBIJA,DR. IGNACIO CONDORI LAURA,FISCAL DE MATERIA III
LA PAZ,DRA. JHANNETT S. COPAJA CHOQUE,FISCAL DE MATERIA 
CHUQUISACA,DR. ROLANDO GUZMAN VILLARROEL,FISCAL DE MATERIA
EL ALTO,DRA. ROXANA LUPE ARUQUIPA LUNA,JUEZ DE SENTENCIA PENAL 3
LLALLAGUA,DRA. EDITH AYDEE ANZE VELASQUEZ,JUEZ 3 PUBLICO CIVIL Y COMERCIAL  DE SUCRE
SAN LUCAS,DR. RUBEN D. BOBARIN PADILLA,JUEZ PUBLICO MIXTO CIVIL Y COMERCIAL DE FAMILIA DE PARTIDO DEL TRABAJO Y SEGURIDAD SOCIAL Y SENTENCIA PENAL 1 SAN LUCAS
SANTA CRUZ,ROGER NESTOR SERRATE RUIZ,GOBIERNO AUTONOMO MUNICIPAL DE SANTA CRUZ DE LA SIERRA
YACUIBA,DRA. NORMA NOEMI MEJIA COPA,JUEZ PUBLICO DE FAMILIA 2 DE TARIJA
ORURO,DRA. CLAUDIA PATRICIA LANDAETA RAMIREZ,FISCAL DE MATERIA 
LA PAZ,DRA. LIZETH MAYELA ANDI CHOQUEHUANCA,JUEZ PUBLICO DE FAMILIA 4
VILLA MONTES,LIC. ROMAN YEPEZ CONTRERAS,GOBIERNO AUTONOMO MUNICIPAL DE VILLAMONTES
LA PAZ,DR. OMAR KUCHANKY MONTESINOS,JUEZ 1 PUBLICO CIVIL Y COMERCIAL DE ZONA SUR
